driver,ticker,lookback,threshold,holding,events,winrate,avg_return,compound,profit_factor,mdd,expectancy,ranking
GOLD,ANTM.JK,10,5.0,5,3,100.0,9.12,29.81,inf,0.0,9.12,1
GOLD,ANTM.JK,10,1.5,1,5,80.0,4.22,22.78,inf,0.0,4.22,2
GOLD,HRTA.JK,1,5.0,10,1,100.0,21.68,21.68,inf,0.0,21.68,3
GOLD,MDKA.JK,10,1.5,1,5,80.0,3.99,21.44,inf,0.0,3.99,4
GOLD,ANTM.JK,10,1.5,2,5,80.0,3.73,19.88,inf,0.0,3.73,5
GOLD,MDKA.JK,3,1.5,1,6,100.0,2.89,18.57,inf,0.0,2.89,6
GOLD,MDKA.JK,3,2.0,1,6,100.0,2.89,18.57,inf,0.0,2.89,7
GOLD,MDKA.JK,1,5.0,10,1,100.0,18.48,18.48,inf,0.0,18.48,8
GOLD,MDKA.JK,10,5.0,5,3,66.67,5.88,17.87,inf,0.0,5.88,9
GOLD,MDKA.JK,10,1.5,2,5,80.0,2.69,13.93,inf,0.0,2.69,10
GOLD,ANTM.JK,10,1.0,2,5,80.0,2.61,13.67,inf,0.0,2.61,11
GOLD,ANTM.JK,10,5.0,3,3,100.0,4.27,13.18,inf,0.0,4.27,12
GOLD,MDKA.JK,10,1.0,2,5,80.0,2.56,13.17,inf,0.0,2.56,13
GOLD,HRTA.JK,1,5.0,5,1,100.0,11.95,11.95,inf,0.0,11.95,14
GOLD,PSAB.JK,1,5.0,10,1,100.0,9.71,9.71,inf,0.0,9.71,15
GOLD,BRMS.JK,1,5.0,5,1,100.0,9.05,9.05,inf,0.0,9.05,16
GOLD,ANTM.JK,10,2.0,1,4,75.0,2.09,8.53,inf,0.0,2.09,17
GOLD,ANTM.JK,10,2.5,1,4,75.0,2.09,8.53,inf,0.0,2.09,18
GOLD,ANTM.JK,10,3.0,1,4,75.0,2.09,8.53,inf,0.0,2.09,19
GOLD,ANTM.JK,10,5.0,1,3,100.0,2.78,8.53,inf,0.0,2.78,20
GOLD,BRMS.JK,1,5.0,10,1,100.0,6.53,6.53,inf,0.0,6.53,21
GOLD,ANTM.JK,1,5.0,10,1,100.0,5.76,5.76,inf,0.0,5.76,22
GOLD,PSAB.JK,1,5.0,5,1,100.0,4.85,4.85,inf,0.0,4.85,23
GOLD,MDKA.JK,1,5.0,5,1,100.0,4.29,4.29,inf,0.0,4.29,24
GOLD,BRMS.JK,1,3.0,3,3,66.67,1.34,4.04,inf,0.0,1.34,25
GOLD,ANTM.JK,1,3.0,2,3,100.0,1.26,3.83,inf,0.0,1.26,26
GOLD,BRMS.JK,1,5.0,3,1,100.0,1.51,1.51,inf,0.0,1.51,27
GOLD,MDKA.JK,1,5.0,1,1,100.0,0.99,0.99,inf,0.0,0.99,28
GOLD,MDKA.JK,1,5.0,3,1,100.0,0.33,0.33,inf,0.0,0.33,29
GOLD,HRTA.JK,1,5.0,2,1,0.0,0.0,0.0,inf,0.0,0.0,30
GOLD,ANTM.JK,1,5.0,5,1,0.0,0.0,0.0,inf,0.0,0.0,31
GOLD,MDKA.JK,1,0.5,1,7,71.43,4.01,28.92,42.67,0.36,4.01,32
GOLD,PSAB.JK,10,1.5,1,5,60.0,3.19,16.75,21.88,0.76,3.19,33
GOLD,MDKA.JK,1,0.5,3,7,57.14,5.27,40.07,12.95,3.09,5.27,34
GOLD,HRTA.JK,1,0.5,1,7,71.43,2.57,19.05,11.3,1.73,2.57,35
GOLD,ANTM.JK,10,0.5,3,5,80.0,3.03,15.78,8.72,1.96,3.03,36
GOLD,ANTM.JK,1,3.0,3,3,66.67,3.97,11.93,8.46,1.6,3.97,37
GOLD,BRMS.JK,10,1.5,1,5,60.0,5.01,26.26,8.3,3.44,5.01,38
GOLD,ANTM.JK,10,5.0,2,3,66.67,1.94,5.88,8.26,0.8,1.94,39
GOLD,BRMS.JK,1,3.0,2,3,66.67,2.69,8.09,7.81,1.19,2.69,40
GOLD,MDKA.JK,10,1.5,3,5,80.0,3.4,17.43,7.64,2.56,3.4,41
GOLD,MDKA.JK,3,2.5,1,6,83.33,2.28,14.25,6.71,2.4,2.28,42
GOLD,MDKA.JK,3,3.0,1,6,83.33,2.28,14.25,6.71,2.4,2.28,43
GOLD,ANTM.JK,10,0.5,2,5,80.0,2.21,11.44,6.64,1.96,2.21,44
GOLD,MDKA.JK,1,0.5,5,7,85.71,6.17,47.61,6.33,8.1,6.17,45
GOLD,ANTM.JK,3,5.0,1,3,66.67,3.13,9.21,5.97,1.89,3.13,46
GOLD,HRTA.JK,1,1.5,1,6,66.67,1.44,8.83,5.93,1.73,1.44,47
GOLD,MDKA.JK,1,1.5,1,6,66.67,0.55,3.33,5.9,0.36,0.55,48
GOLD,MDKA.JK,10,1.0,1,5,60.0,2.55,13.07,5.6,2.77,2.55,49
GOLD,MDKA.JK,10,1.0,3,5,60.0,2.9,14.52,5.56,3.16,2.9,50
GOLD,HRTA.JK,10,1.5,1,5,60.0,2.25,11.48,5.2,2.67,2.25,51
GOLD,MDKA.JK,1,1.5,3,6,50.0,2.02,12.26,4.92,3.09,2.02,52
GOLD,MDKA.JK,10,2.0,1,4,50.0,2.07,8.29,4.91,2.12,2.07,53
GOLD,MDKA.JK,10,2.5,1,4,50.0,2.07,8.29,4.91,2.12,2.07,54
GOLD,MDKA.JK,10,3.0,1,4,50.0,2.07,8.29,4.91,2.12,2.07,55
GOLD,MDKA.JK,10,5.0,1,3,66.67,2.76,8.29,4.91,2.12,2.76,56
GOLD,BRMS.JK,10,0.5,3,5,80.0,3.56,18.26,4.88,4.58,3.56,57
GOLD,MDKA.JK,3,0.5,10,7,71.43,4.41,30.9,4.79,8.11,4.41,58
GOLD,BRMS.JK,10,0.5,1,5,60.0,2.51,12.39,4.66,3.44,2.51,59
GOLD,BRMS.JK,10,0.5,2,5,80.0,4.44,22.78,4.64,6.11,4.44,60
GOLD,BRMS.JK,10,1.0,2,5,60.0,4.18,21.18,4.42,6.11,4.18,61
GOLD,ANTM.JK,1,0.5,1,7,71.43,2.11,14.97,4.39,4.35,2.11,62
GOLD,PSAB.JK,1,1.0,1,7,71.43,2.33,16.41,4.38,4.0,2.33,63
GOLD,BRMS.JK,10,1.0,1,5,40.0,2.25,10.93,4.28,3.44,2.25,64
GOLD,MDKA.JK,3,1.5,5,6,50.0,3.08,18.46,4.27,3.47,3.08,65
GOLD,MDKA.JK,3,2.0,5,6,50.0,3.08,18.46,4.27,3.47,3.08,66
GOLD,MDKA.JK,10,5.0,2,3,66.67,2.54,7.47,4.15,2.42,2.54,67
GOLD,BRMS.JK,10,1.5,2,5,60.0,3.65,18.37,3.99,6.11,3.65,68
GOLD,MDKA.JK,1,0.5,2,7,57.14,4.54,31.44,3.96,6.38,4.54,69
GOLD,MDKA.JK,3,5.0,1,3,66.67,2.3,6.9,3.89,2.4,2.3,70
GOLD,ANTM.JK,1,1.0,1,7,71.43,1.74,12.14,3.8,4.35,1.74,71
GOLD,MDKA.JK,10,5.0,3,3,66.67,3.98,11.55,3.63,4.55,3.98,72
GOLD,MDKA.JK,1,3.0,3,3,66.67,2.69,8.01,3.62,3.09,2.69,73
GOLD,ANTM.JK,1,1.5,1,6,66.67,1.79,10.51,3.46,4.35,1.79,74
GOLD,MDKA.JK,1,1.5,5,6,83.33,3.07,18.3,3.27,8.1,3.07,75
GOLD,MDKA.JK,3,0.5,3,8,62.5,4.05,33.5,3.24,7.4,4.05,76
GOLD,MDKA.JK,10,0.5,3,5,60.0,2.44,11.8,3.22,5.47,2.44,77
GOLD,MDKA.JK,3,1.5,3,6,50.0,3.89,22.77,3.04,9.42,3.89,78
GOLD,MDKA.JK,3,2.0,3,6,50.0,3.89,22.77,3.04,9.42,3.89,79
GOLD,HRTA.JK,1,0.5,5,7,57.14,4.12,28.38,2.76,10.37,4.12,80
GOLD,ANTM.JK,10,1.0,1,5,60.0,1.68,8.3,2.7,4.93,1.68,81
GOLD,MDKA.JK,1,1.0,10,6,50.0,3.18,17.74,2.62,9.22,3.18,82
GOLD,MDKA.JK,10,0.5,2,5,80.0,1.58,7.65,2.62,4.88,1.58,83
GOLD,ANTM.JK,1,3.0,1,3,66.67,0.61,1.81,2.56,1.17,0.61,84
GOLD,HRTA.JK,10,1.0,1,5,40.0,0.92,4.54,2.49,2.67,0.92,85
GOLD,MDKA.JK,3,2.5,5,6,33.33,2.2,12.39,2.48,5.38,2.2,86
GOLD,MDKA.JK,3,3.0,5,6,33.33,2.2,12.39,2.48,5.38,2.2,87
GOLD,MDKA.JK,3,1.5,2,6,83.33,3.24,18.55,2.4,13.88,3.24,88
GOLD,MDKA.JK,3,2.0,2,6,83.33,3.24,18.55,2.4,13.88,3.24,89
GOLD,HRTA.JK,3,0.5,3,8,62.5,2.88,22.66,2.38,9.28,2.88,90
GOLD,PSAB.JK,10,1.0,2,5,60.0,1.26,6.14,2.37,4.58,1.26,91
GOLD,PSAB.JK,10,1.0,1,5,40.0,1.24,6.0,2.35,3.81,1.24,92
GOLD,MDKA.JK,1,1.0,1,7,71.43,0.48,3.35,2.32,2.23,0.48,93
GOLD,PSAB.JK,1,0.5,1,7,57.14,1.65,10.91,2.27,4.27,1.65,94
GOLD,HRTA.JK,3,1.5,3,6,50.0,3.23,18.3,2.26,8.05,3.23,95
GOLD,HRTA.JK,3,2.0,3,6,50.0,3.23,18.3,2.26,8.05,3.23,96
GOLD,ANTM.JK,3,1.5,1,6,50.0,0.58,3.41,2.26,2.77,0.58,97
GOLD,ANTM.JK,3,2.0,1,6,50.0,0.58,3.41,2.26,2.77,0.58,98
GOLD,HRTA.JK,10,0.5,1,5,40.0,0.85,4.15,2.22,2.67,0.85,99
GOLD,ANTM.JK,1,0.5,2,7,85.71,1.08,7.45,2.21,6.29,1.08,100
GOLD,HRTA.JK,1,0.5,2,7,42.86,1.89,12.6,2.2,6.38,1.89,101
GOLD,ANTM.JK,10,1.5,3,5,80.0,2.31,10.96,2.19,9.71,2.31,102
GOLD,PSAB.JK,10,1.5,2,5,60.0,1.08,5.19,2.17,4.58,1.08,103
GOLD,HRTA.JK,3,0.5,2,8,62.5,3.66,25.91,2.16,18.45,3.66,104
GOLD,ANTM.JK,10,1.5,5,5,60.0,3.65,16.87,2.13,11.43,3.65,105
GOLD,ANTM.JK,10,5.0,10,3,33.33,1.67,4.58,2.09,4.61,1.67,106
GOLD,HRTA.JK,1,1.5,5,6,50.0,2.92,15.37,2.07,10.37,2.92,107
GOLD,HRTA.JK,5,0.5,1,7,42.86,2.22,14.22,2.07,6.86,2.22,108
GOLD,HRTA.JK,5,1.0,1,7,42.86,2.22,14.22,2.07,6.86,2.22,109
GOLD,MDKA.JK,5,5.0,2,4,50.0,1.19,4.57,2.05,4.47,1.19,110
GOLD,MDKA.JK,10,0.5,1,5,60.0,1.57,7.55,2.03,7.51,1.57,111
GOLD,MDKA.JK,10,2.0,2,4,50.0,1.27,4.72,2.02,4.92,1.27,112
GOLD,MDKA.JK,10,2.5,2,4,50.0,1.27,4.72,2.02,4.92,1.27,113
GOLD,MDKA.JK,10,3.0,2,4,50.0,1.27,4.72,2.02,4.92,1.27,114
GOLD,MDKA.JK,1,3.0,5,3,66.67,0.72,2.09,2.02,2.11,0.72,115
GOLD,MDKA.JK,3,0.5,5,7,57.14,1.77,11.19,1.95,9.42,1.77,116
GOLD,ANTM.JK,10,0.5,1,5,60.0,1.29,6.17,1.93,6.79,1.29,117
GOLD,HRTA.JK,10,5.0,10,3,66.67,5.37,12.52,1.92,17.56,5.37,118
GOLD,BRMS.JK,10,1.0,3,5,60.0,2.0,9.15,1.9,6.49,2.0,119
GOLD,BRMS.JK,10,1.5,3,5,60.0,2.0,9.15,1.9,6.49,2.0,120
GOLD,HRTA.JK,10,5.0,5,3,66.67,2.33,5.84,1.87,8.02,2.33,121
GOLD,HRTA.JK,5,5.0,2,4,50.0,1.58,5.86,1.84,7.42,1.58,122
GOLD,MDKA.JK,1,0.5,10,7,42.86,2.79,15.88,1.83,11.68,2.79,123
GOLD,ANTM.JK,1,2.5,1,6,66.67,1.24,6.73,1.83,6.44,1.24,124
GOLD,ANTM.JK,10,2.0,5,4,75.0,3.06,10.15,1.81,15.14,3.06,125
GOLD,ANTM.JK,10,2.5,5,4,75.0,3.06,10.15,1.81,15.14,3.06,126
GOLD,ANTM.JK,10,3.0,5,4,75.0,3.06,10.15,1.81,15.14,3.06,127
GOLD,ANTM.JK,3,5.0,2,3,33.33,1.1,3.04,1.8,4.11,1.1,128
GOLD,HRTA.JK,3,1.5,2,6,50.0,3.24,14.44,1.77,18.45,3.24,129
GOLD,HRTA.JK,3,2.0,2,6,50.0,3.24,14.44,1.77,18.45,3.24,130
GOLD,MDKA.JK,3,2.5,3,6,33.33,2.13,10.45,1.76,15.85,2.13,131
GOLD,MDKA.JK,3,3.0,3,6,33.33,2.13,10.45,1.76,15.85,2.13,132
GOLD,ANTM.JK,10,1.0,3,5,80.0,1.48,6.63,1.76,9.71,1.48,133
GOLD,MDKA.JK,3,1.0,3,6,50.0,2.42,11.82,1.73,12.69,2.42,134
GOLD,HRTA.JK,10,2.0,1,4,50.0,0.49,1.87,1.73,2.67,0.49,135
GOLD,HRTA.JK,10,2.5,1,4,50.0,0.49,1.87,1.73,2.67,0.49,136
GOLD,HRTA.JK,10,3.0,1,4,50.0,0.49,1.87,1.73,2.67,0.49,137
GOLD,HRTA.JK,10,5.0,1,3,66.67,0.65,1.87,1.73,2.67,0.65,138
GOLD,ANTM.JK,1,1.5,2,6,83.33,0.7,3.95,1.67,6.29,0.7,139
GOLD,HRTA.JK,3,0.5,10,7,57.14,2.46,14.39,1.65,24.32,2.46,140
GOLD,MDKA.JK,3,1.5,10,6,50.0,2.17,8.88,1.65,16.07,2.17,141
GOLD,MDKA.JK,3,2.0,10,6,50.0,2.17,8.88,1.65,16.07,2.17,142
GOLD,PSAB.JK,1,0.5,2,7,42.86,1.42,8.13,1.65,9.06,1.42,143
GOLD,MDKA.JK,5,0.5,1,7,71.43,1.05,6.6,1.61,7.11,1.05,144
GOLD,MDKA.JK,5,1.0,1,7,71.43,1.05,6.6,1.61,7.11,1.05,145
GOLD,HRTA.JK,1,1.0,10,6,66.67,2.13,10.47,1.6,20.11,2.13,146
GOLD,MDKA.JK,1,1.0,5,7,71.43,1.23,7.04,1.59,8.1,1.23,147
GOLD,HRTA.JK,3,1.5,5,6,50.0,2.25,10.34,1.56,14.84,2.25,148
GOLD,HRTA.JK,3,2.0,5,6,50.0,2.25,10.34,1.56,14.84,2.25,149
GOLD,HRTA.JK,1,0.5,3,7,57.14,1.34,8.13,1.55,10.03,1.34,150
GOLD,ANTM.JK,1,1.0,10,6,50.0,2.32,9.54,1.54,18.0,2.32,151
GOLD,MDKA.JK,3,2.5,2,6,66.67,1.5,7.07,1.54,14.4,1.5,152
GOLD,MDKA.JK,3,3.0,2,6,66.67,1.5,7.07,1.54,14.4,1.5,153
GOLD,ANTM.JK,10,1.0,5,5,60.0,1.72,6.84,1.53,13.29,1.72,154
GOLD,HRTA.JK,1,1.0,1,7,42.86,0.33,2.25,1.53,2.58,0.33,155
GOLD,HRTA.JK,10,0.5,3,5,60.0,1.18,4.71,1.52,11.07,1.18,156
GOLD,PSAB.JK,5,0.5,1,7,28.57,0.78,4.47,1.51,5.57,0.78,157
GOLD,PSAB.JK,5,1.0,1,7,28.57,0.78,4.47,1.51,5.57,0.78,158
GOLD,ANTM.JK,3,0.5,3,8,62.5,1.32,8.55,1.49,13.69,1.32,159
GOLD,HRTA.JK,3,1.0,2,6,50.0,2.31,7.86,1.43,18.45,2.31,160
GOLD,MDKA.JK,3,2.5,10,6,33.33,1.48,4.51,1.43,19.43,1.48,161
GOLD,MDKA.JK,3,3.0,10,6,33.33,1.48,4.51,1.43,19.43,1.48,162
GOLD,HRTA.JK,3,1.0,5,6,50.0,2.05,8.06,1.41,19.75,2.05,163
GOLD,HRTA.JK,3,2.5,3,6,33.33,1.39,5.98,1.41,12.39,1.39,164
GOLD,HRTA.JK,3,3.0,3,6,33.33,1.39,5.98,1.41,12.39,1.39,165
GOLD,HRTA.JK,1,2.0,5,6,33.33,1.59,6.19,1.4,12.82,1.59,166
GOLD,HRTA.JK,10,1.5,2,5,60.0,0.88,3.32,1.39,11.45,0.88,167
GOLD,HRTA.JK,5,1.5,1,6,33.33,1.27,5.37,1.38,8.08,1.27,168
GOLD,HRTA.JK,5,2.0,1,6,33.33,1.27,5.37,1.38,8.08,1.27,169
GOLD,HRTA.JK,5,2.5,1,6,33.33,1.27,5.37,1.38,8.08,1.27,170
GOLD,MDKA.JK,3,0.5,2,8,62.5,1.07,6.06,1.35,13.88,1.07,171
GOLD,ANTM.JK,3,1.0,10,6,50.0,1.78,4.24,1.35,23.45,1.78,172
GOLD,ANTM.JK,1,2.0,1,6,50.0,0.63,2.88,1.35,8.68,0.63,173
GOLD,MDKA.JK,3,5.0,2,3,33.33,0.64,1.59,1.35,5.35,0.64,174
GOLD,ANTM.JK,3,2.5,1,6,50.0,0.26,1.45,1.34,4.61,0.26,175
GOLD,ANTM.JK,3,3.0,1,6,50.0,0.26,1.45,1.34,4.61,0.26,176
GOLD,ANTM.JK,10,0.5,5,5,60.0,1.15,3.39,1.3,16.09,1.15,177
GOLD,PSAB.JK,10,0.5,2,5,60.0,0.49,2.05,1.29,4.58,0.49,178
GOLD,ANTM.JK,3,0.5,10,7,42.86,1.3,3.96,1.28,23.65,1.3,179
GOLD,HRTA.JK,1,0.5,10,7,71.43,1.21,3.51,1.28,25.15,1.21,180
GOLD,HRTA.JK,3,1.0,10,6,66.67,1.59,2.61,1.28,32.12,1.59,181
GOLD,HRTA.JK,10,1.0,2,5,60.0,0.63,2.1,1.28,11.45,0.63,182
GOLD,PSAB.JK,10,0.5,1,5,40.0,0.47,1.92,1.28,7.51,0.47,183
GOLD,HRTA.JK,3,0.5,5,7,57.14,1.29,4.2,1.27,23.14,1.29,184
GOLD,MDKA.JK,10,2.0,3,4,50.0,0.88,2.15,1.27,12.59,0.88,185
GOLD,MDKA.JK,10,2.5,3,4,50.0,0.88,2.15,1.27,12.59,0.88,186
GOLD,MDKA.JK,10,3.0,3,4,50.0,0.88,2.15,1.27,12.59,0.88,187
GOLD,BRMS.JK,5,0.5,1,7,57.14,0.37,2.11,1.27,5.16,0.37,188
GOLD,BRMS.JK,5,1.0,1,7,57.14,0.37,2.11,1.27,5.16,0.37,189
GOLD,MDKA.JK,3,0.5,1,8,75.0,0.39,2.09,1.26,12.12,0.39,190
GOLD,HRTA.JK,5,5.0,3,4,50.0,0.67,1.97,1.26,9.99,0.67,191
GOLD,HRTA.JK,10,0.5,2,5,60.0,0.56,1.73,1.24,11.45,0.56,192
GOLD,HRTA.JK,3,2.5,5,6,50.0,0.91,2.28,1.23,14.84,0.91,193
GOLD,HRTA.JK,3,3.0,5,6,50.0,0.91,2.28,1.23,14.84,0.91,194
GOLD,MDKA.JK,3,1.0,10,6,83.33,1.2,-2.95,1.22,31.87,1.2,195
GOLD,HRTA.JK,5,0.5,2,7,42.86,0.53,2.18,1.21,7.69,0.53,196
GOLD,HRTA.JK,5,1.0,2,7,42.86,0.53,2.18,1.21,7.69,0.53,197
GOLD,ANTM.JK,5,5.0,2,4,25.0,0.52,1.07,1.19,10.4,0.52,198
GOLD,BRMS.JK,5,5.0,3,4,50.0,0.32,0.99,1.19,6.93,0.32,199
GOLD,ANTM.JK,3,0.5,2,8,62.5,0.54,2.3,1.18,12.52,0.54,200
GOLD,PSAB.JK,5,1.5,3,6,50.0,0.68,1.76,1.18,12.53,0.68,201
GOLD,PSAB.JK,5,2.0,3,6,50.0,0.68,1.76,1.18,12.53,0.68,202
GOLD,PSAB.JK,5,2.5,3,6,50.0,0.68,1.76,1.18,12.53,0.68,203
GOLD,HRTA.JK,3,1.0,3,6,50.0,0.7,1.74,1.18,15.29,0.7,204
GOLD,HRTA.JK,10,2.0,10,4,50.0,1.3,0.25,1.18,17.56,1.3,205
GOLD,HRTA.JK,10,2.5,10,4,50.0,1.3,0.25,1.18,17.56,1.3,206
GOLD,HRTA.JK,10,3.0,10,4,50.0,1.3,0.25,1.18,17.56,1.3,207
GOLD,ANTM.JK,1,1.0,5,7,71.43,0.61,0.92,1.16,17.0,0.61,208
GOLD,ANTM.JK,1,3.0,5,3,66.67,0.44,0.72,1.16,8.31,0.44,209
GOLD,HRTA.JK,5,0.5,3,7,28.57,0.53,0.66,1.15,9.23,0.53,210
GOLD,HRTA.JK,5,1.0,3,7,28.57,0.53,0.66,1.15,9.23,0.53,211
GOLD,PSAB.JK,5,0.5,3,7,42.86,0.43,0.78,1.13,13.37,0.43,212
GOLD,PSAB.JK,5,1.0,3,7,42.86,0.43,0.78,1.13,13.37,0.43,213
GOLD,HRTA.JK,1,1.5,10,6,66.67,0.55,-1.57,1.11,28.82,0.55,214
GOLD,MDKA.JK,1,1.5,2,6,50.0,0.18,0.54,1.1,6.38,0.18,215
GOLD,BRMS.JK,3,5.0,2,3,33.33,0.1,0.19,1.09,3.29,0.1,216
GOLD,ANTM.JK,1,1.5,3,6,66.67,0.13,0.15,1.08,8.68,0.13,217
GOLD,ANTM.JK,3,1.5,2,6,50.0,0.22,-0.1,1.08,11.81,0.22,218
GOLD,ANTM.JK,3,2.0,2,6,50.0,0.22,-0.1,1.08,11.81,0.22,219
GOLD,PSAB.JK,1,0.5,3,7,14.29,0.27,-2.03,1.08,17.17,0.27,220
GOLD,MDKA.JK,3,5.0,3,3,33.33,0.16,0.03,1.07,7.11,0.16,221
GOLD,MDKA.JK,1,2.0,3,6,33.33,0.15,-0.21,1.07,13.08,0.15,222
GOLD,HRTA.JK,1,2.5,5,6,33.33,0.26,-0.68,1.07,13.39,0.26,223
GOLD,MDKA.JK,3,1.0,5,6,50.0,0.24,-1.19,1.07,16.63,0.24,224
GOLD,MDKA.JK,1,1.5,10,6,33.33,0.27,-1.71,1.07,19.82,0.27,225
GOLD,HRTA.JK,1,1.0,5,7,57.14,0.35,-3.5,1.07,22.29,0.35,226
GOLD,PSAB.JK,5,0.5,10,7,42.86,0.25,-1.4,1.06,21.94,0.25,227
GOLD,PSAB.JK,5,1.0,10,7,42.86,0.25,-1.4,1.06,21.94,0.25,228
GOLD,PSAB.JK,10,1.5,5,5,60.0,0.3,-2.97,1.06,22.0,0.3,229
GOLD,PSAB.JK,5,0.5,2,7,42.86,0.14,-0.6,1.05,12.55,0.14,230
GOLD,PSAB.JK,5,1.0,2,7,42.86,0.14,-0.6,1.05,12.55,0.14,231
GOLD,ANTM.JK,1,0.5,3,7,57.14,0.06,-0.19,1.04,8.68,0.06,232
GOLD,PSAB.JK,5,1.5,1,6,33.33,0.07,-1.05,1.03,10.56,0.07,233
GOLD,PSAB.JK,5,2.0,1,6,33.33,0.07,-1.05,1.03,10.56,0.07,234
GOLD,PSAB.JK,5,2.5,1,6,33.33,0.07,-1.05,1.03,10.56,0.07,235
GOLD,ANTM.JK,1,1.5,5,6,66.67,0.1,-1.9,1.03,14.75,0.1,236
GOLD,ANTM.JK,10,2.0,3,4,75.0,0.06,-1.05,1.02,12.57,0.06,237
GOLD,ANTM.JK,10,2.5,3,4,75.0,0.06,-1.05,1.02,12.57,0.06,238
GOLD,ANTM.JK,10,3.0,3,4,75.0,0.06,-1.05,1.02,12.57,0.06,239
GOLD,PSAB.JK,10,5.0,5,3,33.33,0.03,-0.24,1.01,4.58,0.03,240
GOLD,HRTA.JK,1,1.5,2,6,33.33,0.01,-0.48,1.01,6.38,0.01,241
GOLD,PSAB.JK,5,1.5,2,6,50.0,0.04,-1.57,1.01,13.4,0.04,242
GOLD,PSAB.JK,5,2.0,2,6,50.0,0.04,-1.57,1.01,13.4,0.04,243
GOLD,PSAB.JK,5,2.5,2,6,50.0,0.04,-1.57,1.01,13.4,0.04,244
GOLD,ANTM.JK,1,0.5,5,7,57.14,0.04,-2.23,1.01,14.75,0.04,245
GOLD,MDKA.JK,1,2.0,5,6,66.67,0.03,-2.56,1.01,18.65,0.03,246
GOLD,ANTM.JK,5,0.5,1,7,42.86,-0.01,-0.44,0.99,4.74,-0.01,247
GOLD,ANTM.JK,5,1.0,1,7,42.86,-0.01,-0.44,0.99,4.74,-0.01,248
GOLD,HRTA.JK,3,2.5,2,6,33.33,-0.06,-5.16,0.99,23.99,-0.06,249
GOLD,HRTA.JK,3,3.0,2,6,33.33,-0.06,-5.16,0.99,23.99,-0.06,250
GOLD,PSAB.JK,1,0.5,10,7,42.86,-0.07,-9.42,0.99,24.58,-0.07,251
GOLD,MDKA.JK,5,0.5,5,7,71.43,-0.16,-4.29,0.96,21.47,-0.16,252
GOLD,MDKA.JK,5,1.0,5,7,71.43,-0.16,-4.29,0.96,21.47,-0.16,253
GOLD,MDKA.JK,1,3.0,2,3,33.33,-0.08,-0.43,0.95,4.61,-0.08,254
GOLD,HRTA.JK,3,0.5,1,8,37.5,-0.09,-1.34,0.95,7.98,-0.09,255
GOLD,HRTA.JK,5,1.5,3,6,33.33,-0.25,-4.72,0.95,12.11,-0.25,256
GOLD,HRTA.JK,5,2.0,3,6,33.33,-0.25,-4.72,0.95,12.11,-0.25,257
GOLD,HRTA.JK,5,2.5,3,6,33.33,-0.25,-4.72,0.95,12.11,-0.25,258
GOLD,HRTA.JK,1,2.0,1,6,50.0,-0.07,-0.71,0.94,5.92,-0.07,259
GOLD,MDKA.JK,5,0.5,2,7,71.43,-0.15,-2.43,0.94,13.77,-0.15,260
GOLD,MDKA.JK,5,1.0,2,7,71.43,-0.15,-2.43,0.94,13.77,-0.15,261
GOLD,HRTA.JK,1,2.5,1,6,50.0,-0.14,-1.34,0.93,5.92,-0.14,262
GOLD,PSAB.JK,1,0.5,5,7,28.57,-0.33,-7.58,0.93,22.63,-0.33,263
GOLD,MDKA.JK,5,0.5,10,7,42.86,-0.44,-10.18,0.93,35.65,-0.44,264
GOLD,MDKA.JK,5,1.0,10,7,42.86,-0.44,-10.18,0.93,35.65,-0.44,265
GOLD,MDKA.JK,1,2.5,5,6,50.0,-0.29,-4.16,0.92,19.98,-0.29,266
GOLD,MDKA.JK,5,1.5,1,6,66.67,-0.3,-3.5,0.91,14.16,-0.3,267
GOLD,MDKA.JK,5,2.0,1,6,66.67,-0.3,-3.5,0.91,14.16,-0.3,268
GOLD,MDKA.JK,5,2.5,1,6,66.67,-0.3,-3.5,0.91,14.16,-0.3,269
GOLD,MDKA.JK,10,5.0,10,3,66.67,-0.27,-1.28,0.9,8.1,-0.27,270
GOLD,MDKA.JK,5,0.5,3,7,57.14,-0.22,-2.2,0.89,9.91,-0.22,271
GOLD,MDKA.JK,5,1.0,3,7,57.14,-0.22,-2.2,0.89,9.91,-0.22,272
GOLD,HRTA.JK,1,1.5,3,6,50.0,-0.32,-2.83,0.89,10.03,-0.32,273
GOLD,MDKA.JK,3,1.0,2,6,50.0,-0.55,-6.12,0.89,16.84,-0.55,274
GOLD,MDKA.JK,10,2.0,5,4,50.0,-0.63,-5.88,0.87,20.15,-0.63,275
GOLD,MDKA.JK,10,2.5,5,4,50.0,-0.63,-5.88,0.87,20.15,-0.63,276
GOLD,MDKA.JK,10,3.0,5,4,50.0,-0.63,-5.88,0.87,20.15,-0.63,277
GOLD,HRTA.JK,10,1.5,10,5,40.0,-1.15,-11.98,0.87,19.51,-1.15,278
GOLD,PSAB.JK,10,2.0,1,4,25.0,-0.19,-0.98,0.86,4.67,-0.19,279
GOLD,PSAB.JK,10,2.5,1,4,25.0,-0.19,-0.98,0.86,4.67,-0.19,280
GOLD,PSAB.JK,10,3.0,1,4,25.0,-0.19,-0.98,0.86,4.67,-0.19,281
GOLD,PSAB.JK,10,5.0,1,3,33.33,-0.25,-0.98,0.86,4.67,-0.25,282
GOLD,MDKA.JK,10,2.0,10,4,50.0,-0.3,-1.65,0.86,8.1,-0.3,283
GOLD,MDKA.JK,10,2.5,10,4,50.0,-0.3,-1.65,0.86,8.1,-0.3,284
GOLD,MDKA.JK,10,3.0,10,4,50.0,-0.3,-1.65,0.86,8.1,-0.3,285
GOLD,PSAB.JK,3,1.5,2,6,50.0,-0.56,-6.67,0.86,21.34,-0.56,286
GOLD,PSAB.JK,3,2.0,2,6,50.0,-0.56,-6.67,0.86,21.34,-0.56,287
GOLD,PSAB.JK,5,1.5,5,6,50.0,-0.8,-8.67,0.86,19.72,-0.8,288
GOLD,PSAB.JK,5,2.0,5,6,50.0,-0.8,-8.67,0.86,19.72,-0.8,289
GOLD,PSAB.JK,5,2.5,5,6,50.0,-0.8,-8.67,0.86,19.72,-0.8,290
GOLD,PSAB.JK,3,5.0,1,3,33.33,-0.15,-0.51,0.85,2.86,-0.15,291
GOLD,HRTA.JK,1,2.5,3,6,33.33,-0.59,-5.34,0.85,15.68,-0.59,292
GOLD,MDKA.JK,5,1.5,5,6,66.67,-0.73,-7.64,0.85,24.22,-0.73,293
GOLD,MDKA.JK,5,2.0,5,6,66.67,-0.73,-7.64,0.85,24.22,-0.73,294
GOLD,MDKA.JK,5,2.5,5,6,66.67,-0.73,-7.64,0.85,24.22,-0.73,295
GOLD,PSAB.JK,10,0.5,5,5,40.0,-0.82,-7.87,0.85,22.28,-0.82,296
GOLD,ANTM.JK,3,1.0,2,6,50.0,-0.62,-5.34,0.84,13.74,-0.62,297
GOLD,ANTM.JK,5,0.5,10,7,42.86,-1.31,-16.5,0.84,39.5,-1.31,298
GOLD,ANTM.JK,5,1.0,10,7,42.86,-1.31,-16.5,0.84,39.5,-1.31,299
GOLD,ANTM.JK,5,1.5,10,6,50.0,-1.64,-18.24,0.83,40.76,-1.64,300
GOLD,ANTM.JK,5,2.0,10,6,50.0,-1.64,-18.24,0.83,40.76,-1.64,301
GOLD,ANTM.JK,5,2.5,10,6,50.0,-1.64,-18.24,0.83,40.76,-1.64,302
GOLD,HRTA.JK,5,1.5,2,6,33.33,-0.71,-5.86,0.82,10.8,-0.71,303
GOLD,HRTA.JK,5,2.0,2,6,33.33,-0.71,-5.86,0.82,10.8,-0.71,304
GOLD,HRTA.JK,5,2.5,2,6,33.33,-0.71,-5.86,0.82,10.8,-0.71,305
GOLD,PSAB.JK,10,1.0,5,5,40.0,-1.07,-9.3,0.81,23.48,-1.07,306
GOLD,MDKA.JK,10,1.5,5,5,40.0,-0.87,-6.71,0.8,19.65,-0.87,307
GOLD,PSAB.JK,1,1.0,5,7,28.57,-0.69,-7.57,0.8,22.63,-0.69,308
GOLD,ANTM.JK,5,5.0,3,4,50.0,-0.83,-4.39,0.79,15.32,-0.83,309
GOLD,HRTA.JK,10,1.0,3,5,60.0,-0.92,-6.36,0.79,11.07,-0.92,310
GOLD,ANTM.JK,3,1.0,3,6,50.0,-0.9,-6.9,0.78,16.25,-0.9,311
GOLD,ANTM.JK,3,2.5,5,6,50.0,-1.04,-8.84,0.78,21.45,-1.04,312
GOLD,ANTM.JK,3,3.0,5,6,50.0,-1.04,-8.84,0.78,21.45,-1.04,313
GOLD,HRTA.JK,5,5.0,1,4,50.0,-0.59,-2.93,0.77,9.99,-0.59,314
GOLD,HRTA.JK,10,1.0,10,5,40.0,-1.99,-15.0,0.77,19.51,-1.99,315
GOLD,HRTA.JK,10,0.5,10,5,40.0,-2.06,-15.33,0.77,19.51,-2.06,316
GOLD,ANTM.JK,5,3.0,10,6,50.0,-2.16,-20.52,0.77,42.41,-2.16,317
GOLD,ANTM.JK,1,2.0,2,6,66.67,-0.44,-3.05,0.76,6.29,-0.44,318
GOLD,HRTA.JK,10,1.5,5,5,40.0,-1.29,-9.37,0.76,18.42,-1.29,319
GOLD,ANTM.JK,3,1.5,3,6,33.33,-0.86,-6.31,0.75,15.72,-0.86,320
GOLD,ANTM.JK,3,2.0,3,6,33.33,-0.86,-6.31,0.75,15.72,-0.86,321
GOLD,ANTM.JK,5,0.5,3,7,57.14,-0.77,-6.66,0.75,16.65,-0.77,322
GOLD,ANTM.JK,5,1.0,3,7,57.14,-0.77,-6.66,0.75,16.65,-0.77,323
GOLD,HRTA.JK,5,1.5,5,6,33.33,-1.88,-15.91,0.75,23.06,-1.88,324
GOLD,HRTA.JK,5,2.0,5,6,33.33,-1.88,-15.91,0.75,23.06,-1.88,325
GOLD,HRTA.JK,5,2.5,5,6,33.33,-1.88,-15.91,0.75,23.06,-1.88,326
GOLD,ANTM.JK,1,1.5,10,6,33.33,-1.88,-16.02,0.74,32.14,-1.88,327
GOLD,ANTM.JK,3,1.0,5,6,33.33,-1.12,-8.84,0.73,21.45,-1.12,328
GOLD,HRTA.JK,5,0.5,10,7,28.57,-2.67,-26.55,0.73,36.25,-2.67,329
GOLD,HRTA.JK,5,1.0,10,7,28.57,-2.67,-26.55,0.73,36.25,-2.67,330
GOLD,PSAB.JK,10,5.0,3,3,33.33,-0.85,-2.92,0.72,5.34,-0.85,331
GOLD,PSAB.JK,10,1.5,3,5,60.0,-0.67,-3.88,0.72,6.8,-0.67,332
GOLD,ANTM.JK,3,1.5,5,6,33.33,-1.36,-10.59,0.72,22.96,-1.36,333
GOLD,ANTM.JK,3,2.0,5,6,33.33,-1.36,-10.59,0.72,22.96,-1.36,334
GOLD,MDKA.JK,10,1.5,10,5,40.0,-0.89,-5.23,0.71,10.81,-0.89,335
GOLD,MDKA.JK,5,1.5,2,6,66.67,-1.13,-8.28,0.71,18.93,-1.13,336
GOLD,MDKA.JK,5,2.0,2,6,66.67,-1.13,-8.28,0.71,18.93,-1.13,337
GOLD,MDKA.JK,5,2.5,2,6,66.67,-1.13,-8.28,0.71,18.93,-1.13,338
GOLD,BRMS.JK,1,0.5,2,7,57.14,-0.97,-8.82,0.71,22.52,-0.97,339
GOLD,ANTM.JK,3,0.5,5,7,42.86,-1.26,-11.32,0.71,23.59,-1.26,340
GOLD,HRTA.JK,3,1.5,10,6,50.0,-2.31,-19.4,0.71,36.14,-2.31,341
GOLD,HRTA.JK,3,2.0,10,6,50.0,-2.31,-19.4,0.71,36.14,-2.31,342
GOLD,HRTA.JK,1,2.0,10,6,66.67,-2.36,-20.31,0.71,42.37,-2.36,343
GOLD,PSAB.JK,1,1.0,2,7,42.86,-0.71,-5.43,0.7,9.06,-0.71,344
GOLD,HRTA.JK,10,1.5,3,5,60.0,-1.33,-8.14,0.7,11.07,-1.33,345
GOLD,ANTM.JK,3,1.5,10,6,33.33,-2.59,-20.09,0.69,34.99,-2.59,346
GOLD,ANTM.JK,3,2.0,10,6,33.33,-2.59,-20.09,0.69,34.99,-2.59,347
GOLD,PSAB.JK,1,1.5,1,6,50.0,-0.49,-3.15,0.68,4.74,-0.49,348
GOLD,HRTA.JK,3,1.5,1,6,16.67,-0.56,-3.71,0.68,10.19,-0.56,349
GOLD,HRTA.JK,3,2.0,1,6,16.67,-0.56,-3.71,0.68,10.19,-0.56,350
GOLD,MDKA.JK,10,0.5,5,5,20.0,-1.59,-9.92,0.67,22.42,-1.59,351
GOLD,PSAB.JK,3,0.5,2,8,62.5,-1.54,-15.61,0.67,21.34,-1.54,352
GOLD,MDKA.JK,1,1.0,3,7,28.57,-0.61,-4.7,0.66,11.24,-0.61,353
GOLD,HRTA.JK,10,5.0,3,3,33.33,-1.65,-5.93,0.66,11.07,-1.65,354
GOLD,HRTA.JK,1,2.5,10,6,50.0,-3.0,-23.7,0.66,42.37,-3.0,355
GOLD,MDKA.JK,5,1.5,10,6,50.0,-3.66,-30.03,0.66,49.87,-3.66,356
GOLD,MDKA.JK,5,2.0,10,6,50.0,-3.66,-30.03,0.66,49.87,-3.66,357
GOLD,MDKA.JK,5,2.5,10,6,50.0,-3.66,-30.03,0.66,49.87,-3.66,358
GOLD,PSAB.JK,10,0.5,3,5,40.0,-0.85,-4.62,0.65,6.6,-0.85,359
GOLD,BRMS.JK,1,0.5,1,7,42.86,-0.97,-8.31,0.65,18.39,-0.97,360
GOLD,ANTM.JK,3,2.5,10,6,33.33,-2.92,-21.52,0.65,36.16,-2.92,361
GOLD,ANTM.JK,3,3.0,10,6,33.33,-2.92,-21.52,0.65,36.16,-2.92,362
GOLD,HRTA.JK,5,1.5,10,6,33.33,-4.64,-35.08,0.65,43.66,-4.64,363
GOLD,HRTA.JK,5,2.0,10,6,33.33,-4.64,-35.08,0.65,43.66,-4.64,364
GOLD,HRTA.JK,5,2.5,10,6,33.33,-4.64,-35.08,0.65,43.66,-4.64,365
GOLD,ANTM.JK,1,1.0,3,7,57.14,-0.88,-6.71,0.64,11.34,-0.88,366
GOLD,ANTM.JK,3,2.5,2,6,33.33,-1.05,-7.28,0.64,15.51,-1.05,367
GOLD,ANTM.JK,3,3.0,2,6,33.33,-1.05,-7.28,0.64,15.51,-1.05,368
GOLD,ANTM.JK,5,0.5,2,7,42.86,-1.09,-8.61,0.64,16.57,-1.09,369
GOLD,ANTM.JK,5,1.0,2,7,42.86,-1.09,-8.61,0.64,16.57,-1.09,370
GOLD,PSAB.JK,3,0.5,3,8,37.5,-1.18,-10.91,0.64,17.14,-1.18,371
GOLD,MDKA.JK,10,1.0,5,5,20.0,-1.8,-10.99,0.64,23.34,-1.8,372
GOLD,ANTM.JK,1,2.5,5,6,50.0,-1.77,-12.35,0.64,22.06,-1.77,373
GOLD,ANTM.JK,1,2.0,5,6,50.0,-1.98,-13.86,0.64,23.41,-1.98,374
GOLD,ANTM.JK,10,2.0,2,4,50.0,-0.97,-4.4,0.63,10.43,-0.97,375
GOLD,ANTM.JK,10,2.5,2,4,50.0,-0.97,-4.4,0.63,10.43,-0.97,376
GOLD,ANTM.JK,10,3.0,2,4,50.0,-0.97,-4.4,0.63,10.43,-0.97,377
GOLD,HRTA.JK,10,0.5,5,5,40.0,-1.94,-12.15,0.63,18.35,-1.94,378
GOLD,HRTA.JK,10,1.0,5,5,40.0,-1.95,-12.22,0.63,18.42,-1.95,379
GOLD,PSAB.JK,3,1.5,5,6,50.0,-1.74,-12.34,0.63,18.65,-1.74,380
GOLD,PSAB.JK,3,2.0,5,6,50.0,-1.74,-12.34,0.63,18.65,-1.74,381
GOLD,ANTM.JK,1,0.5,10,7,28.57,-2.67,-22.24,0.63,37.17,-2.67,382
GOLD,MDKA.JK,5,1.5,3,6,50.0,-1.21,-8.06,0.62,15.31,-1.21,383
GOLD,MDKA.JK,5,2.0,3,6,50.0,-1.21,-8.06,0.62,15.31,-1.21,384
GOLD,MDKA.JK,5,2.5,3,6,50.0,-1.21,-8.06,0.62,15.31,-1.21,385
GOLD,MDKA.JK,5,3.0,5,6,50.0,-2.13,-15.01,0.62,30.27,-2.13,386
GOLD,PSAB.JK,10,5.0,2,3,33.33,-1.21,-3.93,0.61,4.67,-1.21,387
GOLD,PSAB.JK,3,0.5,1,8,50.0,-0.79,-6.79,0.61,9.89,-0.79,388
GOLD,PSAB.JK,5,0.5,5,7,42.86,-2.75,-22.49,0.61,31.86,-2.75,389
GOLD,PSAB.JK,5,1.0,5,7,42.86,-2.75,-22.49,0.61,31.86,-2.75,390
GOLD,MDKA.JK,5,5.0,1,4,50.0,-0.7,-2.96,0.6,7.0,-0.7,391
GOLD,HRTA.JK,1,3.0,1,3,66.67,-1.21,-4.06,0.6,9.02,-1.21,392
GOLD,BRMS.JK,3,0.5,10,7,42.86,-2.96,-24.18,0.6,36.25,-2.96,393
GOLD,ANTM.JK,1,2.5,10,6,33.33,-3.6,-25.77,0.6,40.03,-3.6,394
GOLD,BRMS.JK,3,1.0,10,6,50.0,-3.42,-26.69,0.6,38.36,-3.42,395
GOLD,ANTM.JK,1,2.0,3,6,50.0,-1.24,-8.08,0.59,12.64,-1.24,396
GOLD,PSAB.JK,5,1.5,10,6,50.0,-3.49,-26.59,0.58,41.87,-3.49,397
GOLD,PSAB.JK,5,2.0,10,6,50.0,-3.49,-26.59,0.58,41.87,-3.49,398
GOLD,PSAB.JK,5,2.5,10,6,50.0,-3.49,-26.59,0.58,41.87,-3.49,399
GOLD,ANTM.JK,5,1.5,2,6,50.0,-1.68,-10.89,0.57,18.64,-1.68,400
GOLD,ANTM.JK,5,2.0,2,6,50.0,-1.68,-10.89,0.57,18.64,-1.68,401
GOLD,ANTM.JK,5,2.5,2,6,50.0,-1.68,-10.89,0.57,18.64,-1.68,402
GOLD,ANTM.JK,5,1.5,3,6,50.0,-1.99,-12.83,0.57,22.16,-1.99,403
GOLD,ANTM.JK,5,2.0,3,6,50.0,-1.99,-12.83,0.57,22.16,-1.99,404
GOLD,ANTM.JK,5,2.5,3,6,50.0,-1.99,-12.83,0.57,22.16,-1.99,405
GOLD,ANTM.JK,10,1.5,10,5,20.0,-2.46,-14.16,0.57,15.43,-2.46,406
GOLD,BRMS.JK,1,1.0,10,6,33.33,-3.86,-26.29,0.56,35.63,-3.86,407
GOLD,MDKA.JK,5,3.0,10,6,33.33,-4.88,-34.81,0.56,53.29,-4.88,408
GOLD,BRMS.JK,10,5.0,3,3,66.67,-0.69,-2.18,0.55,4.58,-0.69,409
GOLD,BRMS.JK,3,5.0,1,3,66.67,-0.87,-2.78,0.55,5.77,-0.87,410
GOLD,HRTA.JK,3,2.5,10,6,50.0,-3.65,-24.99,0.55,37.15,-3.65,411
GOLD,HRTA.JK,3,3.0,10,6,50.0,-3.65,-24.99,0.55,37.15,-3.65,412
GOLD,HRTA.JK,5,0.5,5,7,28.57,-3.86,-29.41,0.55,35.41,-3.86,413
GOLD,HRTA.JK,5,1.0,5,7,28.57,-3.86,-29.41,0.55,35.41,-3.86,414
GOLD,ANTM.JK,5,1.5,1,6,33.33,-1.05,-6.62,0.54,9.1,-1.05,415
GOLD,ANTM.JK,5,2.0,1,6,33.33,-1.05,-6.62,0.54,9.1,-1.05,416
GOLD,ANTM.JK,5,2.5,1,6,33.33,-1.05,-6.62,0.54,9.1,-1.05,417
GOLD,HRTA.JK,10,2.0,5,4,50.0,-3.23,-15.24,0.54,19.92,-3.23,418
GOLD,HRTA.JK,10,2.5,5,4,50.0,-3.23,-15.24,0.54,19.92,-3.23,419
GOLD,HRTA.JK,10,3.0,5,4,50.0,-3.23,-15.24,0.54,19.92,-3.23,420
GOLD,PSAB.JK,3,0.5,5,7,28.57,-1.99,-15.34,0.54,21.43,-1.99,421
GOLD,ANTM.JK,1,2.0,10,6,33.33,-4.46,-30.13,0.54,43.55,-4.46,422
GOLD,PSAB.JK,5,3.0,2,6,33.33,-1.77,-11.22,0.53,20.87,-1.77,423
GOLD,MDKA.JK,5,3.0,1,6,50.0,-1.76,-11.45,0.53,21.23,-1.76,424
GOLD,PSAB.JK,10,1.0,3,5,40.0,-1.44,-7.54,0.52,9.47,-1.44,425
GOLD,BRMS.JK,5,1.5,1,6,33.33,-1.58,-9.98,0.52,11.52,-1.58,426
GOLD,BRMS.JK,5,2.0,1,6,33.33,-1.58,-9.98,0.52,11.52,-1.58,427
GOLD,BRMS.JK,5,2.5,1,6,33.33,-1.58,-9.98,0.52,11.52,-1.58,428
GOLD,HRTA.JK,1,1.0,3,7,42.86,-1.99,-14.3,0.52,18.98,-1.99,429
GOLD,PSAB.JK,3,1.0,5,6,33.33,-2.52,-16.51,0.52,22.53,-2.52,430
GOLD,MDKA.JK,1,2.0,10,6,33.33,-3.8,-27.63,0.52,40.97,-3.8,431
GOLD,HRTA.JK,3,1.0,1,6,33.33,-1.43,-8.91,0.51,15.03,-1.43,432
GOLD,HRTA.JK,5,3.0,10,6,33.33,-6.38,-40.83,0.51,48.65,-6.38,433
GOLD,HRTA.JK,5,3.0,3,6,16.67,-2.95,-18.56,0.5,23.99,-2.95,434
GOLD,MDKA.JK,1,2.0,2,6,33.33,-1.79,-11.15,0.49,14.87,-1.79,435
GOLD,MDKA.JK,5,3.0,2,6,50.0,-2.22,-14.03,0.49,24.02,-2.22,436
GOLD,BRMS.JK,10,0.5,5,5,20.0,-2.98,-15.96,0.49,16.73,-2.98,437
GOLD,BRMS.JK,5,1.5,5,6,50.0,-4.38,-28.87,0.49,33.56,-4.38,438
GOLD,BRMS.JK,5,2.0,5,6,50.0,-4.38,-28.87,0.49,33.56,-4.38,439
GOLD,BRMS.JK,5,2.5,5,6,50.0,-4.38,-28.87,0.49,33.56,-4.38,440
GOLD,MDKA.JK,10,1.0,10,5,40.0,-1.61,-8.4,0.48,10.81,-1.61,441
GOLD,ANTM.JK,10,2.0,10,4,25.0,-2.6,-11.56,0.48,15.43,-2.6,442
GOLD,ANTM.JK,10,2.5,10,4,25.0,-2.6,-11.56,0.48,15.43,-2.6,443
GOLD,ANTM.JK,10,3.0,10,4,25.0,-2.6,-11.56,0.48,15.43,-2.6,444
GOLD,BRMS.JK,3,0.5,2,8,62.5,-1.57,-13.44,0.48,18.92,-1.57,445
GOLD,PSAB.JK,5,3.0,3,6,33.33,-2.31,-14.24,0.47,23.84,-2.31,446
GOLD,BRMS.JK,5,5.0,2,4,25.0,-1.18,-4.87,0.46,8.59,-1.18,447
GOLD,HRTA.JK,1,1.0,2,7,28.57,-1.88,-13.23,0.46,13.83,-1.88,448
GOLD,BRMS.JK,10,1.0,5,5,20.0,-3.47,-18.3,0.46,18.3,-3.47,449
GOLD,ANTM.JK,5,1.5,5,6,50.0,-3.66,-22.68,0.46,30.96,-3.66,450
GOLD,ANTM.JK,5,2.0,5,6,50.0,-3.66,-22.68,0.46,30.96,-3.66,451
GOLD,ANTM.JK,5,2.5,5,6,50.0,-3.66,-22.68,0.46,30.96,-3.66,452
GOLD,PSAB.JK,5,3.0,10,6,50.0,-4.57,-30.77,0.46,41.87,-4.57,453
GOLD,PSAB.JK,3,5.0,2,3,33.33,-0.33,-0.99,0.45,1.79,-0.33,454
GOLD,MDKA.JK,5,5.0,3,4,25.0,-0.97,-4.0,0.45,6.05,-0.97,455
GOLD,ANTM.JK,1,1.0,2,7,57.14,-1.64,-11.72,0.45,13.99,-1.64,456
GOLD,PSAB.JK,3,1.0,2,6,50.0,-4.07,-25.49,0.45,29.15,-4.07,457
GOLD,MDKA.JK,1,2.5,10,6,33.33,-4.77,-31.87,0.45,44.78,-4.77,458
GOLD,HRTA.JK,10,5.0,2,3,33.33,-2.41,-7.8,0.44,11.45,-2.41,459
GOLD,HRTA.JK,1,2.0,3,6,33.33,-2.23,-13.5,0.44,18.23,-2.23,460
GOLD,HRTA.JK,5,3.0,2,6,16.67,-2.65,-16.09,0.44,20.5,-2.65,461
GOLD,PSAB.JK,10,1.5,10,5,20.0,-3.54,-19.52,0.44,24.48,-3.54,462
GOLD,PSAB.JK,1,1.0,10,6,33.33,-3.18,-19.67,0.43,25.85,-3.18,463
GOLD,PSAB.JK,3,1.5,3,6,33.33,-2.54,-15.73,0.42,18.8,-2.54,464
GOLD,PSAB.JK,3,2.0,3,6,33.33,-2.54,-15.73,0.42,18.8,-2.54,465
GOLD,ANTM.JK,3,2.5,3,6,16.67,-2.6,-15.74,0.42,24.21,-2.6,466
GOLD,ANTM.JK,3,3.0,3,6,16.67,-2.6,-15.74,0.42,24.21,-2.6,467
GOLD,BRMS.JK,3,2.5,5,6,50.0,-2.96,-18.39,0.42,19.72,-2.96,468
GOLD,BRMS.JK,3,3.0,5,6,50.0,-2.96,-18.39,0.42,19.72,-2.96,469
GOLD,ANTM.JK,5,0.5,5,7,57.14,-3.74,-26.35,0.42,34.24,-3.74,470
GOLD,ANTM.JK,5,1.0,5,7,57.14,-3.74,-26.35,0.42,34.24,-3.74,471
GOLD,HRTA.JK,3,5.0,1,3,33.33,-2.24,-6.96,0.41,11.15,-2.24,472
GOLD,BRMS.JK,3,0.5,1,8,62.5,-0.96,-7.81,0.41,11.3,-0.96,473
GOLD,HRTA.JK,3,2.5,1,6,16.67,-1.72,-10.47,0.41,16.49,-1.72,474
GOLD,HRTA.JK,3,3.0,1,6,16.67,-1.72,-10.47,0.41,16.49,-1.72,475
GOLD,BRMS.JK,1,1.5,2,6,50.0,-2.31,-14.85,0.41,22.52,-2.31,476
GOLD,BRMS.JK,10,1.5,5,5,20.0,-3.73,-19.23,0.41,19.23,-3.73,477
GOLD,BRMS.JK,3,1.5,1,6,50.0,-0.92,-5.64,0.4,9.08,-0.92,478
GOLD,BRMS.JK,3,2.0,1,6,50.0,-0.92,-5.64,0.4,9.08,-0.92,479
GOLD,HRTA.JK,5,3.0,1,6,16.67,-2.79,-16.68,0.4,19.48,-2.79,480
GOLD,PSAB.JK,3,0.5,10,7,28.57,-4.4,-29.77,0.4,34.3,-4.4,481
GOLD,MDKA.JK,3,1.0,1,6,66.67,-2.59,-16.0,0.39,23.65,-2.59,482
GOLD,HRTA.JK,1,2.5,2,6,16.67,-3.34,-20.76,0.39,20.76,-3.34,483
GOLD,HRTA.JK,5,3.0,5,6,33.33,-4.53,-27.27,0.39,33.45,-4.53,484
GOLD,PSAB.JK,3,1.5,10,6,33.33,-5.48,-31.84,0.39,36.24,-5.48,485
GOLD,PSAB.JK,3,2.0,10,6,33.33,-5.48,-31.84,0.39,36.24,-5.48,486
GOLD,BRMS.JK,5,0.5,5,7,42.86,-5.68,-38.42,0.39,42.48,-5.68,487
GOLD,BRMS.JK,5,1.0,5,7,42.86,-5.68,-38.42,0.39,42.48,-5.68,488
GOLD,ANTM.JK,1,2.5,3,6,33.33,-2.01,-12.17,0.38,16.53,-2.01,489
GOLD,BRMS.JK,1,3.0,10,3,33.33,-10.17,-32.77,0.38,32.77,-10.17,490
GOLD,ANTM.JK,5,3.0,2,6,33.33,-2.61,-15.7,0.37,23.04,-2.61,491
GOLD,BRMS.JK,5,0.5,2,7,42.86,-2.33,-16.65,0.37,21.8,-2.33,492
GOLD,BRMS.JK,5,1.0,2,7,42.86,-2.33,-16.65,0.37,21.8,-2.33,493
GOLD,PSAB.JK,3,1.0,3,6,33.33,-3.24,-19.44,0.37,20.8,-3.24,494
GOLD,BRMS.JK,3,2.5,1,6,50.0,-1.12,-6.81,0.36,10.22,-1.12,495
GOLD,BRMS.JK,3,3.0,1,6,50.0,-1.12,-6.81,0.36,10.22,-1.12,496
GOLD,PSAB.JK,1,3.0,5,3,33.33,-3.76,-11.56,0.36,11.56,-3.76,497
GOLD,MDKA.JK,10,0.5,10,5,40.0,-2.58,-12.87,0.36,12.87,-2.58,498
GOLD,PSAB.JK,5,3.0,5,6,33.33,-4.0,-23.72,0.36,32.94,-4.0,499
GOLD,PSAB.JK,1,1.5,2,6,33.33,-1.65,-9.81,0.35,9.81,-1.65,500
GOLD,PSAB.JK,10,2.0,2,4,25.0,-2.61,-10.47,0.35,11.15,-2.61,501
GOLD,PSAB.JK,10,2.5,2,4,25.0,-2.61,-10.47,0.35,11.15,-2.61,502
GOLD,PSAB.JK,10,3.0,2,4,25.0,-2.61,-10.47,0.35,11.15,-2.61,503
GOLD,BRMS.JK,3,1.5,2,6,50.0,-2.41,-14.77,0.35,20.51,-2.41,504
GOLD,BRMS.JK,3,2.0,2,6,50.0,-2.41,-14.77,0.35,20.51,-2.41,505
GOLD,ANTM.JK,10,1.0,10,5,20.0,-3.71,-18.8,0.35,18.8,-3.71,506
GOLD,BRMS.JK,5,0.5,3,7,42.86,-3.03,-20.94,0.35,23.24,-3.03,507
GOLD,BRMS.JK,5,1.0,3,7,42.86,-3.03,-20.94,0.35,23.24,-3.03,508
GOLD,HRTA.JK,3,5.0,2,3,33.33,-2.23,-6.77,0.34,9.86,-2.23,509
GOLD,MDKA.JK,5,3.0,3,6,33.33,-2.69,-15.95,0.34,22.58,-2.69,510
GOLD,ANTM.JK,1,3.0,10,3,33.33,-5.22,-16.37,0.34,17.25,-5.22,511
GOLD,ANTM.JK,5,3.0,3,6,33.33,-3.78,-21.83,0.34,30.2,-3.78,512
GOLD,BRMS.JK,1,0.5,3,7,28.57,-2.81,-19.58,0.33,24.9,-2.81,513
GOLD,ANTM.JK,10,0.5,10,5,20.0,-4.04,-20.4,0.33,20.4,-4.04,514
GOLD,MDKA.JK,1,2.5,3,6,16.67,-2.41,-14.42,0.32,19.97,-2.41,515
GOLD,PSAB.JK,10,5.0,10,3,33.33,-5.2,-17.09,0.32,22.86,-5.2,516
GOLD,BRMS.JK,5,1.5,3,6,33.33,-3.59,-21.08,0.32,23.38,-3.59,517
GOLD,BRMS.JK,5,2.0,3,6,33.33,-3.59,-21.08,0.32,23.38,-3.59,518
GOLD,BRMS.JK,5,2.5,3,6,33.33,-3.59,-21.08,0.32,23.38,-3.59,519
GOLD,ANTM.JK,5,3.0,5,6,50.0,-4.62,-26.86,0.32,34.69,-4.62,520
GOLD,PSAB.JK,3,1.0,10,6,33.33,-7.28,-41.94,0.32,45.69,-7.28,521
GOLD,HRTA.JK,1,2.0,2,6,16.67,-2.07,-12.3,0.31,12.91,-2.07,522
GOLD,PSAB.JK,3,2.5,2,6,33.33,-2.67,-17.16,0.31,21.34,-2.67,523
GOLD,PSAB.JK,3,3.0,2,6,33.33,-2.67,-17.16,0.31,21.34,-2.67,524
GOLD,PSAB.JK,3,2.5,5,6,33.33,-3.61,-21.42,0.31,27.08,-3.61,525
GOLD,PSAB.JK,3,3.0,5,6,33.33,-3.61,-21.42,0.31,27.08,-3.61,526
GOLD,ANTM.JK,3,5.0,10,3,33.33,-7.17,-21.84,0.31,21.84,-7.17,527
GOLD,BRMS.JK,10,0.5,10,5,40.0,-9.07,-42.77,0.31,42.77,-9.07,528
GOLD,BRMS.JK,10,1.0,10,5,40.0,-9.28,-43.52,0.31,43.52,-9.28,529
GOLD,PSAB.JK,3,1.5,1,6,16.67,-1.34,-8.09,0.3,11.15,-1.34,530
GOLD,PSAB.JK,3,2.0,1,6,16.67,-1.34,-8.09,0.3,11.15,-1.34,531
GOLD,BRMS.JK,5,3.0,5,6,50.0,-6.07,-34.97,0.3,39.26,-6.07,532
GOLD,BRMS.JK,10,1.5,10,5,40.0,-9.41,-43.83,0.3,43.83,-9.41,533
GOLD,ANTM.JK,3,0.5,1,8,37.5,-1.6,-12.87,0.29,16.87,-1.6,534
GOLD,HRTA.JK,10,2.0,3,4,25.0,-5.75,-22.91,0.29,22.91,-5.75,535
GOLD,HRTA.JK,10,2.5,3,4,25.0,-5.75,-22.91,0.29,22.91,-5.75,536
GOLD,HRTA.JK,10,3.0,3,4,25.0,-5.75,-22.91,0.29,22.91,-5.75,537
GOLD,BRMS.JK,1,2.0,2,6,50.0,-4.01,-23.51,0.29,24.66,-4.01,538
GOLD,PSAB.JK,1,1.5,10,6,33.33,-5.82,-32.61,0.29,37.79,-5.82,539
GOLD,ANTM.JK,5,5.0,10,4,25.0,-6.05,-23.43,0.28,23.43,-6.05,540
GOLD,BRMS.JK,1,3.0,1,3,33.33,-0.67,-2.03,0.27,2.77,-0.67,541
GOLD,HRTA.JK,3,5.0,10,3,33.33,-7.04,-22.57,0.27,26.0,-7.04,542
GOLD,BRMS.JK,3,5.0,5,3,33.33,-7.52,-22.59,0.27,22.59,-7.52,543
GOLD,PSAB.JK,3,2.5,10,6,33.33,-6.5,-35.5,0.27,39.67,-6.5,544
GOLD,PSAB.JK,3,3.0,10,6,33.33,-6.5,-35.5,0.27,39.67,-6.5,545
GOLD,HRTA.JK,3,5.0,3,3,33.33,-2.8,-8.41,0.26,11.08,-2.8,546
GOLD,HRTA.JK,5,5.0,5,4,75.0,-2.23,-9.26,0.26,11.98,-2.23,547
GOLD,PSAB.JK,3,2.5,1,6,16.67,-1.6,-9.55,0.26,12.57,-1.6,548
GOLD,PSAB.JK,3,3.0,1,6,16.67,-1.6,-9.55,0.26,12.57,-1.6,549
GOLD,BRMS.JK,1,2.5,2,6,33.33,-4.35,-24.71,0.26,25.83,-4.35,550
GOLD,BRMS.JK,10,2.0,1,4,25.0,-1.08,-4.31,0.25,4.31,-1.08,551
GOLD,BRMS.JK,10,2.5,1,4,25.0,-1.08,-4.31,0.25,4.31,-1.08,552
GOLD,BRMS.JK,10,3.0,1,4,25.0,-1.08,-4.31,0.25,4.31,-1.08,553
GOLD,BRMS.JK,10,5.0,1,3,33.33,-1.44,-4.31,0.25,4.31,-1.44,554
GOLD,ANTM.JK,1,2.5,2,6,50.0,-2.18,-13.08,0.25,15.16,-2.18,555
GOLD,PSAB.JK,10,2.0,3,4,25.0,-5.04,-20.01,0.25,20.68,-5.04,556
GOLD,PSAB.JK,10,2.5,3,4,25.0,-5.04,-20.01,0.25,20.68,-5.04,557
GOLD,PSAB.JK,10,3.0,3,4,25.0,-5.04,-20.01,0.25,20.68,-5.04,558
GOLD,PSAB.JK,10,2.0,10,4,25.0,-5.5,-22.4,0.25,22.86,-5.5,559
GOLD,PSAB.JK,10,2.5,10,4,25.0,-5.5,-22.4,0.25,22.86,-5.5,560
GOLD,PSAB.JK,10,3.0,10,4,25.0,-5.5,-22.4,0.25,22.86,-5.5,561
GOLD,BRMS.JK,5,1.5,2,6,33.33,-3.99,-23.12,0.25,27.87,-3.99,562
GOLD,BRMS.JK,5,2.0,2,6,33.33,-3.99,-23.12,0.25,27.87,-3.99,563
GOLD,BRMS.JK,5,2.5,2,6,33.33,-3.99,-23.12,0.25,27.87,-3.99,564
GOLD,BRMS.JK,1,2.5,10,6,16.67,-9.74,-51.81,0.25,51.81,-9.74,565
GOLD,ANTM.JK,3,5.0,3,3,33.33,-3.26,-9.74,0.24,12.39,-3.26,566
GOLD,MDKA.JK,1,2.0,1,6,50.0,-1.74,-10.76,0.24,13.7,-1.74,567
GOLD,HRTA.JK,10,2.0,2,4,25.0,-4.54,-17.85,0.24,17.85,-4.54,568
GOLD,HRTA.JK,10,2.5,2,4,25.0,-4.54,-17.85,0.24,17.85,-4.54,569
GOLD,HRTA.JK,10,3.0,2,4,25.0,-4.54,-17.85,0.24,17.85,-4.54,570
GOLD,BRMS.JK,3,2.5,2,6,33.33,-3.17,-18.55,0.24,22.55,-3.17,571
GOLD,BRMS.JK,3,3.0,2,6,33.33,-3.17,-18.55,0.24,22.55,-3.17,572
GOLD,MDKA.JK,1,1.0,2,7,28.57,-3.4,-22.38,0.24,22.38,-3.4,573
GOLD,BRMS.JK,10,5.0,2,3,33.33,-2.17,-6.52,0.23,6.52,-2.17,574
GOLD,HRTA.JK,1,3.0,10,3,33.33,-8.69,-25.91,0.23,25.91,-8.69,575
GOLD,PSAB.JK,1,2.5,5,6,33.33,-5.04,-28.27,0.23,28.27,-5.04,576
GOLD,BRMS.JK,1,1.5,10,6,16.67,-10.38,-52.28,0.23,52.28,-10.38,577
GOLD,ANTM.JK,5,5.0,1,4,25.0,-1.5,-5.91,0.22,7.45,-1.5,578
GOLD,BRMS.JK,1,3.0,5,3,33.33,-4.05,-12.32,0.22,12.65,-4.05,579
GOLD,PSAB.JK,3,5.0,10,3,33.33,-9.17,-27.02,0.22,27.02,-9.17,580
GOLD,PSAB.JK,1,2.5,10,6,33.33,-8.71,-46.47,0.22,50.59,-8.71,581
GOLD,BRMS.JK,3,1.5,10,6,33.33,-9.51,-50.06,0.22,51.85,-9.51,582
GOLD,BRMS.JK,3,2.0,10,6,33.33,-9.51,-50.06,0.22,51.85,-9.51,583
GOLD,BRMS.JK,5,3.0,2,6,16.67,-4.53,-25.59,0.21,30.19,-4.53,584
GOLD,BRMS.JK,3,0.5,3,8,25.0,-3.57,-26.2,0.21,29.75,-3.57,585
GOLD,BRMS.JK,1,1.0,2,7,28.57,-4.33,-28.21,0.21,28.21,-4.33,586
GOLD,BRMS.JK,1,0.5,10,7,14.29,-10.28,-56.92,0.21,56.92,-10.28,587
GOLD,BRMS.JK,5,0.5,10,7,28.57,-10.47,-59.1,0.21,60.21,-10.47,588
GOLD,BRMS.JK,5,1.0,10,7,28.57,-10.47,-59.1,0.21,60.21,-10.47,589
GOLD,BRMS.JK,5,1.5,10,6,33.33,-12.72,-61.85,0.21,62.88,-12.72,590
GOLD,BRMS.JK,5,2.0,10,6,33.33,-12.72,-61.85,0.21,62.88,-12.72,591
GOLD,BRMS.JK,5,2.5,10,6,33.33,-12.72,-61.85,0.21,62.88,-12.72,592
GOLD,MDKA.JK,1,2.5,1,6,50.0,-1.83,-11.27,0.2,13.7,-1.83,593
GOLD,PSAB.JK,1,2.5,1,6,33.33,-2.87,-16.55,0.2,17.92,-2.87,594
GOLD,PSAB.JK,10,2.0,5,4,25.0,-6.38,-25.78,0.2,26.99,-6.38,595
GOLD,PSAB.JK,10,2.5,5,4,25.0,-6.38,-25.78,0.2,26.99,-6.38,596
GOLD,PSAB.JK,10,3.0,5,4,25.0,-6.38,-25.78,0.2,26.99,-6.38,597
GOLD,BRMS.JK,3,1.0,2,6,50.0,-4.59,-25.83,0.2,29.07,-4.59,598
GOLD,HRTA.JK,5,5.0,10,4,25.0,-7.66,-28.92,0.2,28.92,-7.66,599
GOLD,PSAB.JK,5,5.0,2,4,25.0,-1.7,-6.78,0.19,8.25,-1.7,600
GOLD,ANTM.JK,3,1.0,1,6,16.67,-2.84,-16.58,0.19,19.8,-2.84,601
GOLD,BRMS.JK,5,5.0,5,4,25.0,-9.15,-33.52,0.19,33.52,-9.15,602
GOLD,BRMS.JK,1,0.5,5,7,28.57,-6.3,-39.21,0.19,41.46,-6.3,603
GOLD,PSAB.JK,1,2.0,10,6,33.33,-10.06,-51.28,0.19,55.03,-10.06,604
GOLD,BRMS.JK,1,2.0,10,6,16.67,-13.56,-62.77,0.19,62.77,-13.56,605
GOLD,PSAB.JK,5,5.0,3,4,25.0,-1.96,-7.8,0.18,9.39,-1.96,606
GOLD,PSAB.JK,10,1.0,10,5,20.0,-5.17,-25.28,0.18,25.28,-5.17,607
GOLD,PSAB.JK,1,1.5,5,6,16.67,-4.69,-26.54,0.18,26.54,-4.69,608
GOLD,BRMS.JK,3,5.0,10,3,33.33,-14.4,-40.68,0.18,40.68,-14.4,609
GOLD,BRMS.JK,3,2.5,10,6,33.33,-9.97,-51.3,0.18,53.05,-9.97,610
GOLD,BRMS.JK,3,3.0,10,6,33.33,-9.97,-51.3,0.18,53.05,-9.97,611
GOLD,BRMS.JK,5,5.0,1,4,25.0,-1.92,-7.59,0.17,9.07,-1.92,612
GOLD,PSAB.JK,3,1.0,1,6,33.33,-3.46,-19.63,0.17,22.32,-3.46,613
GOLD,BRMS.JK,5,3.0,3,6,16.67,-4.7,-26.14,0.17,28.29,-4.7,614
GOLD,PSAB.JK,10,0.5,10,5,20.0,-5.89,-28.15,0.16,28.15,-5.89,615
GOLD,PSAB.JK,1,3.0,10,3,33.33,-10.68,-30.57,0.16,30.57,-10.68,616
GOLD,PSAB.JK,5,5.0,10,4,25.0,-9.88,-35.75,0.16,35.75,-9.88,617
GOLD,BRMS.JK,3,1.0,1,6,50.0,-3.17,-18.17,0.15,20.94,-3.17,618
GOLD,ANTM.JK,5,5.0,5,4,50.0,-4.82,-18.78,0.15,20.66,-4.82,619
GOLD,BRMS.JK,5,5.0,10,4,25.0,-13.19,-45.93,0.15,45.93,-13.19,620
GOLD,PSAB.JK,1,2.0,1,6,33.33,-2.58,-14.86,0.14,16.26,-2.58,621
GOLD,BRMS.JK,10,2.0,3,4,50.0,-3.77,-14.89,0.14,14.89,-3.77,622
GOLD,BRMS.JK,10,2.5,3,4,50.0,-3.77,-14.89,0.14,14.89,-3.77,623
GOLD,BRMS.JK,10,3.0,3,4,50.0,-3.77,-14.89,0.14,14.89,-3.77,624
GOLD,BRMS.JK,5,3.0,1,6,16.67,-3.68,-20.61,0.14,20.61,-3.68,625
GOLD,BRMS.JK,3,1.5,5,6,33.33,-4.46,-25.15,0.14,26.38,-4.46,626
GOLD,BRMS.JK,3,2.0,5,6,33.33,-4.46,-25.15,0.14,26.38,-4.46,627
GOLD,PSAB.JK,1,2.0,5,6,16.67,-6.32,-33.81,0.14,33.81,-6.32,628
GOLD,BRMS.JK,10,2.0,2,4,25.0,-3.25,-12.58,0.13,12.58,-3.25,629
GOLD,BRMS.JK,10,2.5,2,4,25.0,-3.25,-12.58,0.13,12.58,-3.25,630
GOLD,BRMS.JK,10,3.0,2,4,25.0,-3.25,-12.58,0.13,12.58,-3.25,631
GOLD,BRMS.JK,5,3.0,10,6,33.33,-13.97,-64.29,0.13,65.26,-13.97,632
GOLD,BRMS.JK,1,2.5,5,6,16.67,-4.28,-23.49,0.12,23.49,-4.28,633
GOLD,MDKA.JK,1,2.5,2,6,16.67,-5.55,-29.76,0.12,32.71,-5.55,634
GOLD,HRTA.JK,3,5.0,5,3,33.33,-5.29,-15.64,0.11,15.64,-5.29,635
GOLD,PSAB.JK,5,3.0,1,6,16.67,-2.77,-15.78,0.11,15.78,-2.77,636
GOLD,BRMS.JK,1,2.5,1,6,33.33,-2.62,-15.16,0.1,15.8,-2.62,637
GOLD,BRMS.JK,1,2.5,3,6,16.67,-4.19,-23.21,0.1,23.21,-4.19,638
GOLD,BRMS.JK,1,1.5,3,6,16.67,-4.46,-24.9,0.1,24.9,-4.46,639
GOLD,BRMS.JK,10,5.0,10,3,33.33,-13.58,-37.67,0.1,40.42,-13.58,640
GOLD,MDKA.JK,5,5.0,5,4,25.0,-3.56,-13.85,0.09,15.04,-3.56,641
GOLD,BRMS.JK,3,2.5,3,6,16.67,-4.23,-23.42,0.09,23.42,-4.23,642
GOLD,BRMS.JK,3,3.0,3,6,16.67,-4.23,-23.42,0.09,23.42,-4.23,643
GOLD,BRMS.JK,3,1.5,3,6,16.67,-4.46,-24.49,0.09,24.49,-4.46,644
GOLD,BRMS.JK,3,2.0,3,6,16.67,-4.46,-24.49,0.09,24.49,-4.46,645
GOLD,ANTM.JK,5,3.0,1,6,16.67,-2.37,-13.57,0.08,14.69,-2.37,646
GOLD,BRMS.JK,1,2.0,3,6,16.67,-5.22,-28.48,0.08,28.48,-5.22,647
GOLD,ANTM.JK,3,5.0,5,3,33.33,-4.58,-13.67,0.07,13.67,-4.58,648
GOLD,PSAB.JK,1,2.0,2,6,16.67,-3.74,-20.72,0.07,20.72,-3.74,649
GOLD,BRMS.JK,1,2.0,5,6,16.67,-8.26,-42.22,0.07,42.22,-8.26,650
GOLD,BRMS.JK,10,2.0,10,4,25.0,-15.55,-51.02,0.07,51.02,-15.55,651
GOLD,BRMS.JK,10,2.5,10,4,25.0,-15.55,-51.02,0.07,51.02,-15.55,652
GOLD,BRMS.JK,10,3.0,10,4,25.0,-15.55,-51.02,0.07,51.02,-15.55,653
GOLD,BRMS.JK,1,1.5,1,6,33.33,-3.04,-17.77,0.06,18.39,-3.04,654
GOLD,PSAB.JK,3,2.5,3,6,16.67,-4.75,-25.93,0.06,27.18,-4.75,655
GOLD,PSAB.JK,3,3.0,3,6,16.67,-4.75,-25.93,0.06,27.18,-4.75,656
GOLD,BRMS.JK,1,1.0,3,7,14.29,-6.25,-37.27,0.06,37.27,-6.25,657
GOLD,BRMS.JK,1,1.5,5,6,16.67,-8.52,-43.23,0.06,43.23,-8.52,658
GOLD,BRMS.JK,3,1.0,5,6,16.67,-5.75,-30.4,0.05,31.53,-5.75,659
GOLD,BRMS.JK,1,1.0,5,7,14.29,-9.59,-52.57,0.05,52.57,-9.59,660
GOLD,BRMS.JK,1,1.0,1,7,28.57,-3.02,-20.13,0.04,20.45,-3.02,661
GOLD,BRMS.JK,1,2.0,1,6,33.33,-4.65,-25.73,0.04,26.29,-4.65,662
GOLD,BRMS.JK,3,0.5,5,7,14.29,-5.73,-34.35,0.04,35.42,-5.73,663
GOLD,HRTA.JK,1,5.0,3,1,0.0,-0.44,-0.44,0.0,0.44,-0.44,664
GOLD,BRMS.JK,1,5.0,1,1,0.0,-1.51,-1.51,0.0,1.51,-1.51,665
GOLD,PSAB.JK,1,5.0,3,1,0.0,-1.94,-1.94,0.0,1.94,-1.94,666
GOLD,ANTM.JK,1,5.0,3,1,0.0,-2.51,-2.51,0.0,2.51,-2.51,667
GOLD,MDKA.JK,1,3.0,1,3,0.0,-0.93,-2.76,0.0,2.76,-0.93,668
GOLD,PSAB.JK,1,5.0,1,1,0.0,-4.08,-4.08,0.0,4.08,-4.08,669
GOLD,ANTM.JK,1,5.0,1,1,0.0,-4.51,-4.51,0.0,4.51,-4.51,670
GOLD,BRMS.JK,1,5.0,2,1,0.0,-5.03,-5.03,0.0,5.03,-5.03,671
GOLD,PSAB.JK,1,5.0,2,1,0.0,-5.24,-5.24,0.0,5.24,-5.24,672
GOLD,MDKA.JK,1,5.0,2,1,0.0,-5.94,-5.94,0.0,5.94,-5.94,673
GOLD,HRTA.JK,1,5.0,1,1,0.0,-6.19,-6.19,0.0,6.19,-6.19,674
GOLD,MDKA.JK,3,5.0,5,3,0.0,-2.13,-6.28,0.0,6.28,-2.13,675
GOLD,ANTM.JK,1,5.0,2,1,0.0,-7.02,-7.02,0.0,7.02,-7.02,676
GOLD,BRMS.JK,10,5.0,5,3,0.0,-2.69,-7.93,0.0,7.93,-2.69,677
GOLD,PSAB.JK,1,3.0,1,3,0.0,-2.98,-8.72,0.0,8.72,-2.98,678
GOLD,PSAB.JK,5,5.0,1,4,0.0,-2.68,-10.34,0.0,10.34,-2.68,679
GOLD,PSAB.JK,1,3.0,2,3,0.0,-3.94,-11.36,0.0,11.36,-3.94,680
GOLD,HRTA.JK,1,3.0,5,3,0.0,-3.95,-11.47,0.0,11.47,-3.95,681
GOLD,PSAB.JK,3,5.0,3,3,0.0,-3.98,-11.49,0.0,11.49,-3.98,682
GOLD,PSAB.JK,1,3.0,3,3,0.0,-4.15,-11.98,0.0,11.98,-4.15,683
GOLD,HRTA.JK,1,3.0,3,3,0.0,-4.61,-13.27,0.0,13.27,-4.61,684
GOLD,HRTA.JK,1,3.0,2,3,0.0,-5.0,-14.46,0.0,14.46,-5.0,685
GOLD,BRMS.JK,3,5.0,3,3,0.0,-6.22,-17.75,0.0,17.75,-6.22,686
GOLD,PSAB.JK,5,5.0,5,4,0.0,-5.12,-19.0,0.0,19.0,-5.12,687
GOLD,MDKA.JK,1,3.0,10,3,0.0,-6.92,-19.65,0.0,19.65,-6.92,688
GOLD,MDKA.JK,3,5.0,10,3,0.0,-7.07,-20.13,0.0,20.13,-7.07,689
GOLD,PSAB.JK,3,5.0,5,3,0.0,-7.84,-21.9,0.0,21.9,-7.84,690
GOLD,PSAB.JK,1,1.5,3,6,0.0,-3.99,-22.13,0.0,22.13,-3.99,691
GOLD,PSAB.JK,1,1.0,3,7,0.0,-3.52,-22.62,0.0,22.62,-3.52,692
GOLD,MDKA.JK,5,5.0,10,4,0.0,-7.28,-26.45,0.0,26.45,-7.28,693
GOLD,PSAB.JK,1,2.0,3,6,0.0,-5.03,-27.03,0.0,27.03,-5.03,694
GOLD,PSAB.JK,1,2.5,3,6,0.0,-5.41,-28.94,0.0,28.94,-5.41,695
GOLD,BRMS.JK,10,2.0,5,4,0.0,-8.68,-32.44,0.0,32.44,-8.68,696
GOLD,BRMS.JK,10,2.5,5,4,0.0,-8.68,-32.44,0.0,32.44,-8.68,697
GOLD,BRMS.JK,10,3.0,5,4,0.0,-8.68,-32.44,0.0,32.44,-8.68,698
GOLD,BRMS.JK,3,1.0,3,6,0.0,-6.8,-34.85,0.0,34.85,-6.8,699
GOLD,PSAB.JK,1,2.5,2,6,0.0,-7.25,-37.38,0.0,37.38,-7.25,700
