driver,ticker,lookback,threshold,holding,year,event_count,win_count,lose_count,win_rate_pct,avg_return_pct,best_return_pct,worst_return_pct,annual_return_pct,capital_end_year
GOLD,ANTM.JK,1,0.5,1,2026,7,5,2,71.43,2.11,11.59,-4.12,14.97,1149730.0
GOLD,ANTM.JK,1,0.5,2,2026,7,6,1,85.71,1.08,3.78,-6.29,7.45,1074528.0
GOLD,ANTM.JK,1,0.5,3,2026,7,4,3,57.14,0.06,5.22,-8.68,-0.19,998125.0
GOLD,ANTM.JK,1,0.5,5,2026,7,4,3,57.14,0.04,12.46,-14.75,-2.23,977693.0
GOLD,ANTM.JK,1,0.5,10,2026,7,2,5,28.57,-2.67,23.77,-17.25,-22.24,777613.0
GOLD,ANTM.JK,1,1.0,1,2026,7,5,2,71.43,1.74,11.59,-4.12,12.14,1121368.0
GOLD,ANTM.JK,1,1.0,2,2026,7,4,3,57.14,-1.64,3.78,-10.0,-11.72,882803.0
GOLD,ANTM.JK,1,1.0,3,2026,7,4,3,57.14,-0.88,5.22,-8.68,-6.71,932912.0
GOLD,ANTM.JK,1,1.0,5,2026,7,5,2,71.43,0.61,12.46,-14.75,0.92,1009209.0
GOLD,ANTM.JK,1,1.0,10,2026,6,3,3,50.0,2.32,23.77,-15.62,9.54,1095403.0
GOLD,ANTM.JK,1,1.5,1,2026,6,4,2,66.67,1.79,11.59,-4.12,10.51,1105085.0
GOLD,ANTM.JK,1,1.5,2,2026,6,5,1,83.33,0.7,3.78,-6.29,3.95,1039497.0
GOLD,ANTM.JK,1,1.5,3,2026,6,4,2,66.67,0.13,5.22,-8.68,0.15,1001531.0
GOLD,ANTM.JK,1,1.5,5,2026,6,4,2,66.67,0.1,12.46,-14.75,-1.9,981028.0
GOLD,ANTM.JK,1,1.5,10,2026,6,2,4,33.33,-1.88,23.77,-17.25,-16.02,839846.0
GOLD,ANTM.JK,1,2.0,1,2026,6,3,3,50.0,0.63,11.59,-6.44,2.88,1028773.0
GOLD,ANTM.JK,1,2.0,2,2026,6,4,2,66.67,-0.44,3.78,-6.29,-3.05,969547.0
GOLD,ANTM.JK,1,2.0,3,2026,6,3,3,50.0,-1.24,5.22,-8.68,-8.08,919210.0
GOLD,ANTM.JK,1,2.0,5,2026,6,3,3,50.0,-1.98,12.46,-14.75,-13.86,861384.0
GOLD,ANTM.JK,1,2.0,10,2026,6,2,4,33.33,-4.46,23.77,-23.45,-30.13,698655.0
GOLD,ANTM.JK,1,2.5,1,2026,6,4,2,66.67,1.24,11.59,-6.44,6.73,1067316.0
GOLD,ANTM.JK,1,2.5,2,2026,6,3,3,50.0,-2.18,2.04,-11.81,-13.08,869179.0
GOLD,ANTM.JK,1,2.5,3,2026,6,2,4,33.33,-2.01,5.22,-9.03,-12.17,878282.0
GOLD,ANTM.JK,1,2.5,5,2026,6,3,3,50.0,-1.77,12.46,-11.81,-12.35,876465.0
GOLD,ANTM.JK,1,2.5,10,2026,6,2,4,33.33,-3.6,23.77,-23.45,-25.77,742258.0
GOLD,ANTM.JK,1,3.0,1,2026,3,2,1,66.67,0.61,2.04,-1.17,1.81,1018143.0
GOLD,ANTM.JK,1,3.0,2,2026,3,3,0,100.0,1.26,2.04,0.47,3.83,1038318.0
GOLD,ANTM.JK,1,3.0,3,2026,3,2,1,66.67,3.97,11.48,-1.6,11.93,1119341.0
GOLD,ANTM.JK,1,3.0,5,2026,3,2,1,66.67,0.44,6.12,-8.31,0.72,1007167.0
GOLD,ANTM.JK,1,3.0,10,2026,3,1,2,33.33,-5.22,8.16,-17.25,-16.37,836310.0
GOLD,ANTM.JK,1,5.0,1,2026,1,0,1,0.0,-4.51,-4.51,-4.51,-4.51,954900.0
GOLD,ANTM.JK,1,5.0,2,2026,1,0,1,0.0,-7.02,-7.02,-7.02,-7.02,929800.0
GOLD,ANTM.JK,1,5.0,3,2026,1,0,1,0.0,-2.51,-2.51,-2.51,-2.51,974900.0
GOLD,ANTM.JK,1,5.0,5,2026,1,0,1,0.0,0.0,0.0,0.0,0.0,1000000.0
GOLD,ANTM.JK,1,5.0,10,2026,1,1,0,100.0,5.76,5.76,5.76,5.76,1057600.0
GOLD,ANTM.JK,3,0.5,1,2026,8,3,5,37.5,-1.6,4.01,-11.82,-12.87,871291.0
GOLD,ANTM.JK,3,0.5,2,2026,8,5,3,62.5,0.54,9.74,-11.81,2.3,1022978.0
GOLD,ANTM.JK,3,0.5,3,2026,8,5,3,62.5,1.32,13.13,-9.03,8.55,1085523.0
GOLD,ANTM.JK,3,0.5,5,2026,7,3,4,42.86,-1.26,16.05,-14.59,-11.32,886757.0
GOLD,ANTM.JK,3,0.5,10,2026,7,3,4,42.86,1.3,22.92,-17.03,3.96,1039624.0
GOLD,ANTM.JK,3,1.0,1,2026,6,1,5,16.67,-2.84,4.01,-11.82,-16.58,834207.0
GOLD,ANTM.JK,3,1.0,2,2026,6,3,3,50.0,-0.62,9.74,-11.81,-5.34,946613.0
GOLD,ANTM.JK,3,1.0,3,2026,6,3,3,50.0,-0.9,11.17,-9.03,-6.9,931037.0
GOLD,ANTM.JK,3,1.0,5,2026,6,2,4,33.33,-1.12,16.05,-11.81,-8.84,911614.0
GOLD,ANTM.JK,3,1.0,10,2026,6,3,3,50.0,1.78,22.92,-23.45,4.24,1042361.0
GOLD,ANTM.JK,3,1.5,1,2026,6,3,3,50.0,0.58,4.01,-2.55,3.41,1034062.0
GOLD,ANTM.JK,3,1.5,2,2026,6,3,3,50.0,0.22,9.74,-11.81,-0.1,999048.0
GOLD,ANTM.JK,3,1.5,3,2026,6,2,4,33.33,-0.86,11.17,-9.03,-6.31,936906.0
GOLD,ANTM.JK,3,1.5,5,2026,6,2,4,33.33,-1.36,16.05,-12.97,-10.59,894088.0
GOLD,ANTM.JK,3,1.5,10,2026,6,2,4,33.33,-2.59,22.92,-17.41,-20.09,799125.0
GOLD,ANTM.JK,3,2.0,1,2026,6,3,3,50.0,0.58,4.01,-2.55,3.41,1034062.0
GOLD,ANTM.JK,3,2.0,2,2026,6,3,3,50.0,0.22,9.74,-11.81,-0.1,999048.0
GOLD,ANTM.JK,3,2.0,3,2026,6,2,4,33.33,-0.86,11.17,-9.03,-6.31,936906.0
GOLD,ANTM.JK,3,2.0,5,2026,6,2,4,33.33,-1.36,16.05,-12.97,-10.59,894088.0
GOLD,ANTM.JK,3,2.0,10,2026,6,2,4,33.33,-2.59,22.92,-17.41,-20.09,799125.0
GOLD,ANTM.JK,3,2.5,1,2026,6,3,3,50.0,0.26,4.01,-2.55,1.45,1014518.0
GOLD,ANTM.JK,3,2.5,2,2026,6,2,4,33.33,-1.05,9.74,-11.81,-7.28,927230.0
GOLD,ANTM.JK,3,2.5,3,2026,6,1,5,16.67,-2.6,11.17,-9.03,-15.74,842584.0
GOLD,ANTM.JK,3,2.5,5,2026,6,3,3,50.0,-1.04,16.05,-12.97,-8.84,911584.0
GOLD,ANTM.JK,3,2.5,10,2026,6,2,4,33.33,-2.92,22.92,-17.41,-21.52,784782.0
GOLD,ANTM.JK,3,3.0,1,2026,6,3,3,50.0,0.26,4.01,-2.55,1.45,1014518.0
GOLD,ANTM.JK,3,3.0,2,2026,6,2,4,33.33,-1.05,9.74,-11.81,-7.28,927230.0
GOLD,ANTM.JK,3,3.0,3,2026,6,1,5,16.67,-2.6,11.17,-9.03,-15.74,842584.0
GOLD,ANTM.JK,3,3.0,5,2026,6,3,3,50.0,-1.04,16.05,-12.97,-8.84,911584.0
GOLD,ANTM.JK,3,3.0,10,2026,6,2,4,33.33,-2.92,22.92,-17.41,-21.52,784782.0
GOLD,ANTM.JK,3,5.0,1,2026,3,2,1,66.67,3.13,10.96,-1.89,9.21,1092112.0
GOLD,ANTM.JK,3,5.0,2,2026,3,1,2,33.33,1.1,7.46,-2.53,3.04,1030445.0
GOLD,ANTM.JK,3,5.0,3,2026,3,1,2,33.33,-3.26,3.03,-6.47,-9.74,902641.0
GOLD,ANTM.JK,3,5.0,5,2026,3,1,2,33.33,-4.58,1.08,-12.97,-13.67,863337.0
GOLD,ANTM.JK,3,5.0,10,2026,3,1,2,33.33,-7.17,9.43,-17.41,-21.84,781591.0
GOLD,ANTM.JK,5,0.5,1,2026,7,3,4,42.86,-0.01,6.0,-4.34,-0.44,995568.0
GOLD,ANTM.JK,5,0.5,2,2026,7,3,4,42.86,-1.09,6.79,-12.15,-8.61,913895.0
GOLD,ANTM.JK,5,0.5,3,2026,7,4,3,57.14,-0.77,5.91,-10.41,-6.66,933444.0
GOLD,ANTM.JK,5,0.5,5,2026,7,4,3,57.14,-3.74,7.57,-17.14,-26.35,736503.0
GOLD,ANTM.JK,5,0.5,10,2026,7,3,4,42.86,-1.31,20.37,-21.04,-16.5,834955.0
GOLD,ANTM.JK,5,1.0,1,2026,7,3,4,42.86,-0.01,6.0,-4.34,-0.44,995568.0
GOLD,ANTM.JK,5,1.0,2,2026,7,3,4,42.86,-1.09,6.79,-12.15,-8.61,913895.0
GOLD,ANTM.JK,5,1.0,3,2026,7,4,3,57.14,-0.77,5.91,-10.41,-6.66,933444.0
GOLD,ANTM.JK,5,1.0,5,2026,7,4,3,57.14,-3.74,7.57,-17.14,-26.35,736503.0
GOLD,ANTM.JK,5,1.0,10,2026,7,3,4,42.86,-1.31,20.37,-21.04,-16.5,834955.0
GOLD,ANTM.JK,5,1.5,1,2026,6,2,4,33.33,-1.05,6.0,-6.44,-6.62,933827.0
GOLD,ANTM.JK,5,1.5,2,2026,6,3,3,50.0,-1.68,6.79,-12.15,-10.89,891140.0
GOLD,ANTM.JK,5,1.5,3,2026,6,3,3,50.0,-1.99,5.91,-10.41,-12.83,871674.0
GOLD,ANTM.JK,5,1.5,5,2026,6,3,3,50.0,-3.66,7.57,-17.14,-22.68,773238.0
GOLD,ANTM.JK,5,1.5,10,2026,6,3,3,50.0,-1.64,20.37,-23.45,-18.24,817591.0
GOLD,ANTM.JK,5,2.0,1,2026,6,2,4,33.33,-1.05,6.0,-6.44,-6.62,933827.0
GOLD,ANTM.JK,5,2.0,2,2026,6,3,3,50.0,-1.68,6.79,-12.15,-10.89,891140.0
GOLD,ANTM.JK,5,2.0,3,2026,6,3,3,50.0,-1.99,5.91,-10.41,-12.83,871674.0
GOLD,ANTM.JK,5,2.0,5,2026,6,3,3,50.0,-3.66,7.57,-17.14,-22.68,773238.0
GOLD,ANTM.JK,5,2.0,10,2026,6,3,3,50.0,-1.64,20.37,-23.45,-18.24,817591.0
GOLD,ANTM.JK,5,2.5,1,2026,6,2,4,33.33,-1.05,6.0,-6.44,-6.62,933827.0
GOLD,ANTM.JK,5,2.5,2,2026,6,3,3,50.0,-1.68,6.79,-12.15,-10.89,891140.0
GOLD,ANTM.JK,5,2.5,3,2026,6,3,3,50.0,-1.99,5.91,-10.41,-12.83,871674.0
GOLD,ANTM.JK,5,2.5,5,2026,6,3,3,50.0,-3.66,7.57,-17.14,-22.68,773238.0
GOLD,ANTM.JK,5,2.5,10,2026,6,3,3,50.0,-1.64,20.37,-23.45,-18.24,817591.0
GOLD,ANTM.JK,5,3.0,1,2026,6,1,5,16.67,-2.37,1.31,-6.44,-13.57,864318.0
GOLD,ANTM.JK,5,3.0,2,2026,6,2,4,33.33,-2.61,6.79,-12.15,-15.7,842985.0
GOLD,ANTM.JK,5,3.0,3,2026,6,2,4,33.33,-3.78,5.91,-10.41,-21.83,781740.0
GOLD,ANTM.JK,5,3.0,5,2026,6,3,3,50.0,-4.62,7.57,-17.14,-26.86,731414.0
GOLD,ANTM.JK,5,3.0,10,2026,6,3,3,50.0,-2.16,20.37,-23.45,-20.52,794785.0
GOLD,ANTM.JK,5,5.0,1,2026,4,1,3,25.0,-1.5,1.66,-2.91,-5.91,940861.0
GOLD,ANTM.JK,5,5.0,2,2026,4,1,3,25.0,0.52,12.8,-6.62,1.07,1010667.0
GOLD,ANTM.JK,5,5.0,3,2026,4,2,2,50.0,-0.83,9.24,-9.46,-4.39,956149.0
GOLD,ANTM.JK,5,5.0,5,2026,4,2,2,50.0,-4.82,2.37,-13.56,-18.78,812244.0
GOLD,ANTM.JK,5,5.0,10,2026,4,1,3,25.0,-6.05,9.43,-12.93,-23.43,765659.0
GOLD,ANTM.JK,10,0.5,1,2026,5,3,2,60.0,1.29,5.24,-4.93,6.17,1061749.0
GOLD,ANTM.JK,10,0.5,2,2026,5,4,1,80.0,2.21,4.2,-1.96,11.44,1114387.0
GOLD,ANTM.JK,10,0.5,3,2026,5,4,1,80.0,3.03,8.4,-1.96,15.78,1157774.0
GOLD,ANTM.JK,10,0.5,5,2026,5,3,2,60.0,1.15,11.89,-14.29,3.39,1033894.0
GOLD,ANTM.JK,10,0.5,10,2026,5,1,4,20.0,-4.04,9.86,-17.09,-20.4,796049.0
GOLD,ANTM.JK,10,1.0,1,2026,5,3,2,60.0,1.68,5.24,-4.93,8.3,1082975.0
GOLD,ANTM.JK,10,1.0,2,2026,5,4,1,80.0,2.61,4.2,0.0,13.67,1136665.0
GOLD,ANTM.JK,10,1.0,3,2026,5,4,1,80.0,1.48,8.4,-9.71,6.63,1066253.0
GOLD,ANTM.JK,10,1.0,5,2026,5,3,2,60.0,1.72,11.89,-11.43,6.84,1068393.0
GOLD,ANTM.JK,10,1.0,10,2026,5,1,4,20.0,-3.71,9.86,-15.43,-18.8,811987.0
GOLD,ANTM.JK,10,1.5,1,2026,5,4,1,80.0,4.22,7.78,0.0,22.78,1227759.0
GOLD,ANTM.JK,10,1.5,2,2026,5,4,1,80.0,3.73,8.07,0.0,19.88,1198784.0
GOLD,ANTM.JK,10,1.5,3,2026,5,4,1,80.0,2.31,8.4,-9.71,10.96,1109633.0
GOLD,ANTM.JK,10,1.5,5,2026,5,3,2,60.0,3.65,12.39,-11.43,16.87,1168743.0
GOLD,ANTM.JK,10,1.5,10,2026,5,1,4,20.0,-2.46,16.14,-15.43,-14.16,858403.0
GOLD,ANTM.JK,10,2.0,1,2026,4,3,1,75.0,2.09,4.44,0.0,8.53,1085339.0
GOLD,ANTM.JK,10,2.0,2,2026,4,2,2,50.0,-0.97,4.2,-9.71,-4.4,955974.0
GOLD,ANTM.JK,10,2.0,3,2026,4,3,1,75.0,0.06,8.4,-12.57,-1.05,989547.0
GOLD,ANTM.JK,10,2.0,5,2026,4,3,1,75.0,3.06,11.89,-15.14,10.15,1101527.0
GOLD,ANTM.JK,10,2.0,10,2026,4,1,3,25.0,-2.6,9.63,-15.43,-11.56,884400.0
GOLD,ANTM.JK,10,2.5,1,2026,4,3,1,75.0,2.09,4.44,0.0,8.53,1085339.0
GOLD,ANTM.JK,10,2.5,2,2026,4,2,2,50.0,-0.97,4.2,-9.71,-4.4,955974.0
GOLD,ANTM.JK,10,2.5,3,2026,4,3,1,75.0,0.06,8.4,-12.57,-1.05,989547.0
GOLD,ANTM.JK,10,2.5,5,2026,4,3,1,75.0,3.06,11.89,-15.14,10.15,1101527.0
GOLD,ANTM.JK,10,2.5,10,2026,4,1,3,25.0,-2.6,9.63,-15.43,-11.56,884400.0
GOLD,ANTM.JK,10,3.0,1,2026,4,3,1,75.0,2.09,4.44,0.0,8.53,1085339.0
GOLD,ANTM.JK,10,3.0,2,2026,4,2,2,50.0,-0.97,4.2,-9.71,-4.4,955974.0
GOLD,ANTM.JK,10,3.0,3,2026,4,3,1,75.0,0.06,8.4,-12.57,-1.05,989547.0
GOLD,ANTM.JK,10,3.0,5,2026,4,3,1,75.0,3.06,11.89,-15.14,10.15,1101527.0
GOLD,ANTM.JK,10,3.0,10,2026,4,1,3,25.0,-2.6,9.63,-15.43,-11.56,884400.0
GOLD,ANTM.JK,10,5.0,1,2026,3,3,0,100.0,2.78,4.44,0.27,8.53,1085339.0
GOLD,ANTM.JK,10,5.0,2,2026,3,2,1,66.67,1.94,4.2,-0.8,5.88,1058782.0
GOLD,ANTM.JK,10,5.0,3,2026,3,3,0,100.0,4.27,8.4,0.27,13.18,1131817.0
GOLD,ANTM.JK,10,5.0,5,2026,3,3,0,100.0,9.12,11.89,5.35,29.81,1298052.0
GOLD,ANTM.JK,10,5.0,10,2026,3,1,2,33.33,1.67,9.63,-4.61,4.58,1045761.0
GOLD,BRMS.JK,1,0.5,1,2026,7,3,4,42.86,-0.97,11.5,-14.67,-8.31,916872.0
GOLD,BRMS.JK,1,0.5,2,2026,7,4,3,57.14,-0.97,7.75,-17.37,-8.82,911833.0
GOLD,BRMS.JK,1,0.5,3,2026,7,2,5,28.57,-2.81,7.08,-16.6,-19.58,804211.0
GOLD,BRMS.JK,1,0.5,5,2026,7,2,5,28.57,-6.3,7.08,-26.25,-39.21,607901.0
GOLD,BRMS.JK,1,0.5,10,2026,7,1,6,14.29,-10.28,19.01,-28.18,-56.92,430807.0
GOLD,BRMS.JK,1,1.0,1,2026,7,2,5,28.57,-3.02,0.47,-14.67,-20.13,798721.0
GOLD,BRMS.JK,1,1.0,2,2026,7,2,5,28.57,-4.33,7.75,-17.37,-28.21,717889.0
GOLD,BRMS.JK,1,1.0,3,2026,7,1,6,14.29,-6.25,2.82,-16.6,-37.27,627322.0
GOLD,BRMS.JK,1,1.0,5,2026,7,1,6,14.29,-9.59,3.52,-26.25,-52.57,474270.0
GOLD,BRMS.JK,1,1.0,10,2026,6,2,4,33.33,-3.86,19.01,-19.31,-26.29,737061.0
GOLD,BRMS.JK,1,1.5,1,2026,6,2,4,33.33,-3.04,0.76,-14.67,-17.77,822307.0
GOLD,BRMS.JK,1,1.5,2,2026,6,3,3,50.0,-2.31,7.75,-17.37,-14.85,851544.0
GOLD,BRMS.JK,1,1.5,3,2026,6,1,5,16.67,-4.46,2.82,-16.6,-24.9,751037.0
GOLD,BRMS.JK,1,1.5,5,2026,6,1,5,16.67,-8.52,3.52,-26.25,-43.23,567707.0
GOLD,BRMS.JK,1,1.5,10,2026,6,1,5,16.67,-10.38,19.01,-28.18,-52.28,477242.0
GOLD,BRMS.JK,1,2.0,1,2026,6,2,4,33.33,-4.65,0.76,-14.67,-25.73,742681.0
GOLD,BRMS.JK,1,2.0,2,2026,6,3,3,50.0,-4.01,7.75,-17.37,-23.51,764857.0
GOLD,BRMS.JK,1,2.0,3,2026,6,1,5,16.67,-5.22,2.82,-16.6,-28.48,715206.0
GOLD,BRMS.JK,1,2.0,5,2026,6,1,5,16.67,-8.26,3.52,-26.25,-42.22,577794.0
GOLD,BRMS.JK,1,2.0,10,2026,6,1,5,16.67,-13.56,19.01,-32.34,-62.77,372264.0
GOLD,BRMS.JK,1,2.5,1,2026,6,2,4,33.33,-2.62,0.93,-10.18,-15.16,848380.0
GOLD,BRMS.JK,1,2.5,2,2026,6,2,4,33.33,-4.35,7.75,-14.02,-24.71,752931.0
GOLD,BRMS.JK,1,2.5,3,2026,6,1,5,16.67,-4.19,2.82,-10.75,-23.21,767852.0
GOLD,BRMS.JK,1,2.5,5,2026,6,1,5,16.67,-4.28,3.52,-8.41,-23.49,765110.0
GOLD,BRMS.JK,1,2.5,10,2026,6,1,5,16.67,-9.74,19.01,-32.34,-51.81,481903.0
GOLD,BRMS.JK,1,3.0,1,2026,3,1,2,33.33,-0.67,0.76,-2.77,-2.03,979689.0
GOLD,BRMS.JK,1,3.0,2,2026,3,2,1,66.67,2.69,7.75,-1.19,8.09,1080861.0
GOLD,BRMS.JK,1,3.0,3,2026,3,2,1,66.67,1.34,2.82,0.0,4.04,1040436.0
GOLD,BRMS.JK,1,3.0,5,2026,3,1,2,33.33,-4.05,3.52,-12.65,-12.32,876849.0
GOLD,BRMS.JK,1,3.0,10,2026,3,1,2,33.33,-10.17,19.01,-28.18,-32.77,672330.0
GOLD,BRMS.JK,1,5.0,1,2026,1,0,1,0.0,-1.51,-1.51,-1.51,-1.51,984900.0
GOLD,BRMS.JK,1,5.0,2,2026,1,0,1,0.0,-5.03,-5.03,-5.03,-5.03,949700.0
GOLD,BRMS.JK,1,5.0,3,2026,1,1,0,100.0,1.51,1.51,1.51,1.51,1015100.0
GOLD,BRMS.JK,1,5.0,5,2026,1,1,0,100.0,9.05,9.05,9.05,9.05,1090500.0
GOLD,BRMS.JK,1,5.0,10,2026,1,1,0,100.0,6.53,6.53,6.53,6.53,1065300.0
GOLD,BRMS.JK,3,0.5,1,2026,8,5,3,62.5,-0.96,2.07,-7.76,-7.81,921885.0
GOLD,BRMS.JK,3,0.5,2,2026,8,5,3,62.5,-1.57,4.56,-14.02,-13.44,865645.0
GOLD,BRMS.JK,3,0.5,3,2026,8,2,6,25.0,-3.57,5.06,-12.07,-26.2,737997.0
GOLD,BRMS.JK,3,0.5,5,2026,7,1,6,14.29,-5.73,1.66,-10.34,-34.35,656528.0
GOLD,BRMS.JK,3,0.5,10,2026,7,3,4,42.86,-2.96,14.66,-19.33,-24.18,758212.0
GOLD,BRMS.JK,3,1.0,1,2026,6,3,3,50.0,-3.17,2.07,-10.18,-18.17,818251.0
GOLD,BRMS.JK,3,1.0,2,2026,6,3,3,50.0,-4.59,4.56,-14.02,-25.83,741653.0
GOLD,BRMS.JK,3,1.0,3,2026,6,0,6,0.0,-6.8,-0.83,-12.07,-34.85,651544.0
GOLD,BRMS.JK,3,1.0,5,2026,6,1,5,16.67,-5.75,1.66,-10.34,-30.4,696035.0
GOLD,BRMS.JK,3,1.0,10,2026,6,3,3,50.0,-3.42,14.66,-32.34,-26.69,733147.0
GOLD,BRMS.JK,3,1.5,1,2026,6,3,3,50.0,-0.92,2.07,-4.72,-5.64,943636.0
GOLD,BRMS.JK,3,1.5,2,2026,6,3,3,50.0,-2.41,4.56,-14.02,-14.77,852253.0
GOLD,BRMS.JK,3,1.5,3,2026,6,1,5,16.67,-4.46,2.67,-10.75,-24.49,755105.0
GOLD,BRMS.JK,3,1.5,5,2026,6,2,4,33.33,-4.46,2.67,-17.29,-25.15,748461.0
GOLD,BRMS.JK,3,1.5,10,2026,6,2,4,33.33,-9.51,12.42,-28.77,-50.06,499438.0
GOLD,BRMS.JK,3,2.0,1,2026,6,3,3,50.0,-0.92,2.07,-4.72,-5.64,943636.0
GOLD,BRMS.JK,3,2.0,2,2026,6,3,3,50.0,-2.41,4.56,-14.02,-14.77,852253.0
GOLD,BRMS.JK,3,2.0,3,2026,6,1,5,16.67,-4.46,2.67,-10.75,-24.49,755105.0
GOLD,BRMS.JK,3,2.0,5,2026,6,2,4,33.33,-4.46,2.67,-17.29,-25.15,748461.0
GOLD,BRMS.JK,3,2.0,10,2026,6,2,4,33.33,-9.51,12.42,-28.77,-50.06,499438.0
GOLD,BRMS.JK,3,2.5,1,2026,6,3,3,50.0,-1.12,2.07,-5.77,-6.81,931868.0
GOLD,BRMS.JK,3,2.5,2,2026,6,2,4,33.33,-3.17,4.56,-14.02,-18.55,814471.0
GOLD,BRMS.JK,3,2.5,3,2026,6,1,5,16.67,-4.23,2.67,-10.75,-23.42,765793.0
GOLD,BRMS.JK,3,2.5,5,2026,6,3,3,50.0,-2.96,8.33,-17.29,-18.39,816113.0
GOLD,BRMS.JK,3,2.5,10,2026,6,2,4,33.33,-9.97,9.62,-28.77,-51.3,486999.0
GOLD,BRMS.JK,3,3.0,1,2026,6,3,3,50.0,-1.12,2.07,-5.77,-6.81,931868.0
GOLD,BRMS.JK,3,3.0,2,2026,6,2,4,33.33,-3.17,4.56,-14.02,-18.55,814471.0
GOLD,BRMS.JK,3,3.0,3,2026,6,1,5,16.67,-4.23,2.67,-10.75,-23.42,765793.0
GOLD,BRMS.JK,3,3.0,5,2026,6,3,3,50.0,-2.96,8.33,-17.29,-18.39,816113.0
GOLD,BRMS.JK,3,3.0,10,2026,6,2,4,33.33,-9.97,9.62,-28.77,-51.3,486999.0
GOLD,BRMS.JK,3,5.0,1,2026,3,2,1,66.67,-0.87,2.4,-5.77,-2.78,972152.0
GOLD,BRMS.JK,3,5.0,2,2026,3,1,2,33.33,0.1,3.6,-2.56,0.19,1001907.0
GOLD,BRMS.JK,3,5.0,3,2026,3,0,3,0.0,-6.22,-2.56,-11.6,-17.75,822522.0
GOLD,BRMS.JK,3,5.0,5,2026,3,1,2,33.33,-7.52,8.33,-17.29,-22.59,774142.0
GOLD,BRMS.JK,3,5.0,10,2026,3,1,2,33.33,-14.4,9.62,-28.42,-40.68,593203.0
GOLD,BRMS.JK,5,0.5,1,2026,7,4,3,57.14,0.37,6.85,-5.16,2.11,1021145.0
GOLD,BRMS.JK,5,0.5,2,2026,7,3,4,42.86,-2.33,7.43,-15.84,-16.65,833509.0
GOLD,BRMS.JK,5,0.5,3,2026,7,3,4,42.86,-3.03,5.94,-15.35,-20.94,790619.0
GOLD,BRMS.JK,5,0.5,5,2026,7,3,4,42.86,-5.68,18.49,-25.25,-38.42,615778.0
GOLD,BRMS.JK,5,0.5,10,2026,7,2,5,28.57,-10.47,17.12,-33.17,-59.1,409005.0
GOLD,BRMS.JK,5,1.0,1,2026,7,4,3,57.14,0.37,6.85,-5.16,2.11,1021145.0
GOLD,BRMS.JK,5,1.0,2,2026,7,3,4,42.86,-2.33,7.43,-15.84,-16.65,833509.0
GOLD,BRMS.JK,5,1.0,3,2026,7,3,4,42.86,-3.03,5.94,-15.35,-20.94,790619.0
GOLD,BRMS.JK,5,1.0,5,2026,7,3,4,42.86,-5.68,18.49,-25.25,-38.42,615778.0
GOLD,BRMS.JK,5,1.0,10,2026,7,2,5,28.57,-10.47,17.12,-33.17,-59.1,409005.0
GOLD,BRMS.JK,5,1.5,1,2026,6,2,4,33.33,-1.58,6.85,-10.18,-9.98,900202.0
GOLD,BRMS.JK,5,1.5,2,2026,6,2,4,33.33,-3.99,7.43,-15.84,-23.12,768811.0
GOLD,BRMS.JK,5,1.5,3,2026,6,2,4,33.33,-3.59,5.94,-15.35,-21.08,789162.0
GOLD,BRMS.JK,5,1.5,5,2026,6,3,3,50.0,-4.38,18.49,-25.25,-28.87,711281.0
GOLD,BRMS.JK,5,1.5,10,2026,6,2,4,33.33,-12.72,17.12,-33.17,-61.85,381528.0
GOLD,BRMS.JK,5,2.0,1,2026,6,2,4,33.33,-1.58,6.85,-10.18,-9.98,900202.0
GOLD,BRMS.JK,5,2.0,2,2026,6,2,4,33.33,-3.99,7.43,-15.84,-23.12,768811.0
GOLD,BRMS.JK,5,2.0,3,2026,6,2,4,33.33,-3.59,5.94,-15.35,-21.08,789162.0
GOLD,BRMS.JK,5,2.0,5,2026,6,3,3,50.0,-4.38,18.49,-25.25,-28.87,711281.0
GOLD,BRMS.JK,5,2.0,10,2026,6,2,4,33.33,-12.72,17.12,-33.17,-61.85,381528.0
GOLD,BRMS.JK,5,2.5,1,2026,6,2,4,33.33,-1.58,6.85,-10.18,-9.98,900202.0
GOLD,BRMS.JK,5,2.5,2,2026,6,2,4,33.33,-3.99,7.43,-15.84,-23.12,768811.0
GOLD,BRMS.JK,5,2.5,3,2026,6,2,4,33.33,-3.59,5.94,-15.35,-21.08,789162.0
GOLD,BRMS.JK,5,2.5,5,2026,6,3,3,50.0,-4.38,18.49,-25.25,-28.87,711281.0
GOLD,BRMS.JK,5,2.5,10,2026,6,2,4,33.33,-12.72,17.12,-33.17,-61.85,381528.0
GOLD,BRMS.JK,5,3.0,1,2026,6,1,5,16.67,-3.68,3.47,-10.18,-20.61,793879.0
GOLD,BRMS.JK,5,3.0,2,2026,6,1,5,16.67,-4.53,7.43,-15.84,-25.59,744070.0
GOLD,BRMS.JK,5,3.0,3,2026,6,1,5,16.67,-4.7,5.94,-15.35,-26.14,738603.0
GOLD,BRMS.JK,5,3.0,5,2026,6,3,3,50.0,-6.07,8.33,-25.25,-34.97,650291.0
GOLD,BRMS.JK,5,3.0,10,2026,6,2,4,33.33,-13.97,9.62,-33.17,-64.29,357097.0
GOLD,BRMS.JK,5,5.0,1,2026,4,1,3,25.0,-1.92,1.63,-5.77,-7.59,924145.0
GOLD,BRMS.JK,5,5.0,2,2026,4,1,3,25.0,-1.18,4.07,-5.22,-4.87,951321.0
GOLD,BRMS.JK,5,5.0,3,2026,4,2,2,50.0,0.32,5.28,-4.48,0.99,1009875.0
GOLD,BRMS.JK,5,5.0,5,2026,4,1,3,25.0,-9.15,8.33,-18.66,-33.52,664801.0
GOLD,BRMS.JK,5,5.0,10,2026,4,1,3,25.0,-13.19,9.62,-27.76,-45.93,540747.0
GOLD,BRMS.JK,10,0.5,1,2026,5,3,2,60.0,2.51,13.25,-3.44,12.39,1123932.0
GOLD,BRMS.JK,10,0.5,2,2026,5,4,1,80.0,4.44,13.82,-6.11,22.78,1227811.0
GOLD,BRMS.JK,10,0.5,3,2026,5,4,1,80.0,3.56,11.18,-4.58,18.26,1182615.0
GOLD,BRMS.JK,10,0.5,5,2026,5,1,4,20.0,-2.98,14.47,-11.84,-15.96,840362.0
GOLD,BRMS.JK,10,0.5,10,2026,5,2,3,40.0,-9.07,19.08,-27.1,-42.77,572283.0
GOLD,BRMS.JK,10,1.0,1,2026,5,2,3,40.0,2.25,13.25,-3.44,10.93,1109289.0
GOLD,BRMS.JK,10,1.0,2,2026,5,3,2,60.0,4.18,13.82,-6.11,21.18,1211815.0
GOLD,BRMS.JK,10,1.0,3,2026,5,3,2,60.0,2.0,11.18,-6.49,9.15,1091456.0
GOLD,BRMS.JK,10,1.0,5,2026,5,1,4,20.0,-3.47,14.47,-14.29,-18.3,817008.0
GOLD,BRMS.JK,10,1.0,10,2026,5,2,3,40.0,-9.28,19.08,-27.1,-43.52,564807.0
GOLD,BRMS.JK,10,1.5,1,2026,5,3,2,60.0,5.01,13.82,-3.44,26.26,1262593.0
GOLD,BRMS.JK,10,1.5,2,2026,5,3,2,60.0,3.65,11.26,-6.11,18.37,1183708.0
GOLD,BRMS.JK,10,1.5,3,2026,5,3,2,60.0,2.0,11.18,-6.49,9.15,1091456.0
GOLD,BRMS.JK,10,1.5,5,2026,5,1,4,20.0,-3.73,13.16,-14.29,-19.23,807659.0
GOLD,BRMS.JK,10,1.5,10,2026,5,2,3,40.0,-9.41,18.42,-27.1,-43.83,561676.0
GOLD,BRMS.JK,10,2.0,1,2026,4,1,3,25.0,-1.08,1.44,-3.44,-4.31,956878.0
GOLD,BRMS.JK,10,2.0,2,2026,4,1,3,25.0,-3.25,1.92,-6.49,-12.58,874152.0
GOLD,BRMS.JK,10,2.0,3,2026,4,2,2,50.0,-3.77,1.92,-12.99,-14.89,851098.0
GOLD,BRMS.JK,10,2.0,5,2026,4,0,4,0.0,-8.68,-1.15,-26.62,-32.44,675579.0
GOLD,BRMS.JK,10,2.0,10,2026,4,1,3,25.0,-15.55,4.62,-27.1,-51.02,489757.0
GOLD,BRMS.JK,10,2.5,1,2026,4,1,3,25.0,-1.08,1.44,-3.44,-4.31,956878.0
GOLD,BRMS.JK,10,2.5,2,2026,4,1,3,25.0,-3.25,1.92,-6.49,-12.58,874152.0
GOLD,BRMS.JK,10,2.5,3,2026,4,2,2,50.0,-3.77,1.92,-12.99,-14.89,851098.0
GOLD,BRMS.JK,10,2.5,5,2026,4,0,4,0.0,-8.68,-1.15,-26.62,-32.44,675579.0
GOLD,BRMS.JK,10,2.5,10,2026,4,1,3,25.0,-15.55,4.62,-27.1,-51.02,489757.0
GOLD,BRMS.JK,10,3.0,1,2026,4,1,3,25.0,-1.08,1.44,-3.44,-4.31,956878.0
GOLD,BRMS.JK,10,3.0,2,2026,4,1,3,25.0,-3.25,1.92,-6.49,-12.58,874152.0
GOLD,BRMS.JK,10,3.0,3,2026,4,2,2,50.0,-3.77,1.92,-12.99,-14.89,851098.0
GOLD,BRMS.JK,10,3.0,5,2026,4,0,4,0.0,-8.68,-1.15,-26.62,-32.44,675579.0
GOLD,BRMS.JK,10,3.0,10,2026,4,1,3,25.0,-15.55,4.62,-27.1,-51.02,489757.0
GOLD,BRMS.JK,10,5.0,1,2026,3,1,2,33.33,-1.44,1.44,-3.44,-4.31,956878.0
GOLD,BRMS.JK,10,5.0,2,2026,3,1,2,33.33,-2.17,1.92,-6.11,-6.52,934822.0
GOLD,BRMS.JK,10,5.0,3,2026,3,2,1,66.67,-0.69,1.92,-4.58,-2.18,978161.0
GOLD,BRMS.JK,10,5.0,5,2026,3,0,3,0.0,-2.69,-1.15,-5.77,-7.93,920659.0
GOLD,BRMS.JK,10,5.0,10,2026,3,1,2,33.33,-13.58,4.62,-27.1,-37.67,623338.0
GOLD,HRTA.JK,1,0.5,1,2026,7,5,2,71.43,2.57,9.39,-1.33,19.05,1190530.0
GOLD,HRTA.JK,1,0.5,2,2026,7,3,4,42.86,1.89,13.15,-6.38,12.6,1126014.0
GOLD,HRTA.JK,1,0.5,3,2026,7,4,3,57.14,1.34,11.27,-7.47,8.13,1081252.0
GOLD,HRTA.JK,1,0.5,5,2026,7,4,3,57.14,4.12,18.52,-10.37,28.38,1283754.0
GOLD,HRTA.JK,1,0.5,10,2026,7,5,2,71.43,1.21,13.33,-22.35,3.51,1035104.0
GOLD,HRTA.JK,1,1.0,1,2026,7,3,4,42.86,0.33,3.12,-1.4,2.25,1022491.0
GOLD,HRTA.JK,1,1.0,2,2026,7,2,5,28.57,-1.88,5.56,-7.63,-13.23,867745.0
GOLD,HRTA.JK,1,1.0,3,2026,7,3,4,42.86,-1.99,5.78,-7.63,-14.3,856986.0
GOLD,HRTA.JK,1,1.0,5,2026,7,4,3,57.14,0.35,18.52,-22.29,-3.5,964989.0
GOLD,HRTA.JK,1,1.0,10,2026,6,4,2,66.67,2.13,13.33,-12.85,10.47,1104738.0
GOLD,HRTA.JK,1,1.5,1,2026,6,4,2,66.67,1.44,3.69,-1.33,8.83,1088335.0
GOLD,HRTA.JK,1,1.5,2,2026,6,2,4,33.33,0.01,5.56,-6.38,-0.48,995151.0
GOLD,HRTA.JK,1,1.5,3,2026,6,3,3,50.0,-0.32,5.78,-7.47,-2.83,971737.0
GOLD,HRTA.JK,1,1.5,5,2026,6,3,3,50.0,2.92,18.52,-10.37,15.37,1153728.0
GOLD,HRTA.JK,1,1.5,10,2026,6,4,2,66.67,0.55,13.33,-22.35,-1.57,984314.0
GOLD,HRTA.JK,1,2.0,1,2026,6,3,3,50.0,-0.07,3.69,-5.92,-0.71,992926.0
GOLD,HRTA.JK,1,2.0,2,2026,6,1,5,16.67,-2.07,5.56,-6.97,-12.3,877027.0
GOLD,HRTA.JK,1,2.0,3,2026,6,2,4,33.33,-2.23,5.78,-7.47,-13.5,864996.0
GOLD,HRTA.JK,1,2.0,5,2026,6,2,4,33.33,1.59,18.52,-10.37,6.19,1061948.0
GOLD,HRTA.JK,1,2.0,10,2026,6,4,2,66.67,-2.36,13.33,-25.78,-20.31,796943.0
GOLD,HRTA.JK,1,2.5,1,2026,6,3,3,50.0,-0.14,5.3,-5.92,-1.34,986566.0
GOLD,HRTA.JK,1,2.5,2,2026,6,1,5,16.67,-3.34,13.07,-18.45,-20.76,792407.0
GOLD,HRTA.JK,1,2.5,3,2026,6,2,4,33.33,-0.59,14.49,-7.3,-5.34,946621.0
GOLD,HRTA.JK,1,2.5,5,2026,6,2,4,33.33,0.26,14.67,-9.01,-0.68,993196.0
GOLD,HRTA.JK,1,2.5,10,2026,6,3,3,50.0,-3.0,13.73,-25.78,-23.7,763011.0
GOLD,HRTA.JK,1,3.0,1,2026,3,2,1,66.67,-1.21,3.69,-9.02,-4.06,959409.0
GOLD,HRTA.JK,1,3.0,2,2026,3,0,3,0.0,-5.0,0.0,-8.63,-14.46,855406.0
GOLD,HRTA.JK,1,3.0,3,2026,3,0,3,0.0,-4.61,-2.3,-7.23,-13.27,867299.0
GOLD,HRTA.JK,1,3.0,5,2026,3,0,3,0.0,-3.95,-0.43,-5.88,-11.47,885328.0
GOLD,HRTA.JK,1,3.0,10,2026,3,1,2,33.33,-8.69,7.66,-22.35,-25.91,740929.0
GOLD,HRTA.JK,1,5.0,1,2026,1,0,1,0.0,-6.19,-6.19,-6.19,-6.19,938100.0
GOLD,HRTA.JK,1,5.0,2,2026,1,0,1,0.0,0.0,0.0,0.0,0.0,1000000.0
GOLD,HRTA.JK,1,5.0,3,2026,1,0,1,0.0,-0.44,-0.44,-0.44,-0.44,995600.0
GOLD,HRTA.JK,1,5.0,5,2026,1,1,0,100.0,11.95,11.95,11.95,11.95,1119500.0
GOLD,HRTA.JK,1,5.0,10,2026,1,1,0,100.0,21.68,21.68,21.68,21.68,1216800.0
GOLD,HRTA.JK,3,0.5,1,2026,8,3,5,37.5,-0.09,7.21,-6.5,-1.34,986595.0
GOLD,HRTA.JK,3,0.5,2,2026,8,5,3,62.5,3.66,24.77,-18.45,25.91,1259101.0
GOLD,HRTA.JK,3,0.5,3,2026,8,5,3,62.5,2.88,16.22,-8.94,22.66,1226630.0
GOLD,HRTA.JK,3,0.5,5,2026,7,4,3,57.14,1.29,18.52,-13.41,4.2,1042038.0
GOLD,HRTA.JK,3,0.5,10,2026,7,4,3,57.14,2.46,15.91,-9.74,14.39,1143914.0
GOLD,HRTA.JK,3,1.0,1,2026,6,2,4,33.33,-1.43,7.21,-6.5,-8.91,910945.0
GOLD,HRTA.JK,3,1.0,2,2026,6,3,3,50.0,2.31,24.77,-18.45,7.86,1078604.0
GOLD,HRTA.JK,3,1.0,3,2026,6,3,3,50.0,0.7,16.22,-8.94,1.74,1017401.0
GOLD,HRTA.JK,3,1.0,5,2026,6,3,3,50.0,2.05,18.52,-13.41,8.06,1080602.0
GOLD,HRTA.JK,3,1.0,10,2026,6,4,2,66.67,1.59,15.91,-25.78,2.61,1026105.0
GOLD,HRTA.JK,3,1.5,1,2026,6,1,5,16.67,-0.56,7.21,-4.29,-3.71,962900.0
GOLD,HRTA.JK,3,1.5,2,2026,6,3,3,50.0,3.24,24.77,-18.45,14.44,1144430.0
GOLD,HRTA.JK,3,1.5,3,2026,6,3,3,50.0,3.23,16.22,-7.3,18.3,1183006.0
GOLD,HRTA.JK,3,1.5,5,2026,6,3,3,50.0,2.25,14.04,-13.56,10.34,1103359.0
GOLD,HRTA.JK,3,1.5,10,2026,6,3,3,50.0,-2.31,15.91,-26.0,-19.4,806044.0
GOLD,HRTA.JK,3,2.0,1,2026,6,1,5,16.67,-0.56,7.21,-4.29,-3.71,962900.0
GOLD,HRTA.JK,3,2.0,2,2026,6,3,3,50.0,3.24,24.77,-18.45,14.44,1144430.0
GOLD,HRTA.JK,3,2.0,3,2026,6,3,3,50.0,3.23,16.22,-7.3,18.3,1183006.0
GOLD,HRTA.JK,3,2.0,5,2026,6,3,3,50.0,2.25,14.04,-13.56,10.34,1103359.0
GOLD,HRTA.JK,3,2.0,10,2026,6,3,3,50.0,-2.31,15.91,-26.0,-19.4,806044.0
GOLD,HRTA.JK,3,2.5,1,2026,6,1,5,16.67,-1.72,7.21,-7.87,-10.47,895267.0
GOLD,HRTA.JK,3,2.5,2,2026,6,2,4,33.33,-0.06,24.77,-18.45,-5.16,948355.0
GOLD,HRTA.JK,3,2.5,3,2026,6,2,4,33.33,1.39,16.22,-7.3,5.98,1059767.0
GOLD,HRTA.JK,3,2.5,5,2026,6,3,3,50.0,0.91,14.04,-13.56,2.28,1022814.0
GOLD,HRTA.JK,3,2.5,10,2026,6,3,3,50.0,-3.65,13.73,-26.0,-24.99,750133.0
GOLD,HRTA.JK,3,3.0,1,2026,6,1,5,16.67,-1.72,7.21,-7.87,-10.47,895267.0
GOLD,HRTA.JK,3,3.0,2,2026,6,2,4,33.33,-0.06,24.77,-18.45,-5.16,948355.0
GOLD,HRTA.JK,3,3.0,3,2026,6,2,4,33.33,1.39,16.22,-7.3,5.98,1059767.0
GOLD,HRTA.JK,3,3.0,5,2026,6,3,3,50.0,0.91,14.04,-13.56,2.28,1022814.0
GOLD,HRTA.JK,3,3.0,10,2026,6,3,3,50.0,-3.65,13.73,-26.0,-24.99,750133.0
GOLD,HRTA.JK,3,5.0,1,2026,3,1,2,33.33,-2.24,4.72,-7.87,-6.96,930439.0
GOLD,HRTA.JK,3,5.0,2,2026,3,1,2,33.33,-2.23,3.43,-5.78,-6.77,932321.0
GOLD,HRTA.JK,3,5.0,3,2026,3,1,2,33.33,-2.8,3.0,-6.67,-8.41,915926.0
GOLD,HRTA.JK,3,5.0,5,2026,3,1,2,33.33,-5.29,1.97,-13.56,-15.64,843615.0
GOLD,HRTA.JK,3,5.0,10,2026,3,1,2,33.33,-7.04,7.87,-26.0,-22.57,774291.0
GOLD,HRTA.JK,5,0.5,1,2026,7,3,4,42.86,2.22,16.51,-6.86,14.22,1142238.0
GOLD,HRTA.JK,5,0.5,2,2026,7,3,4,42.86,0.53,12.44,-7.69,2.18,1021801.0
GOLD,HRTA.JK,5,0.5,3,2026,7,2,5,28.57,0.53,17.78,-9.23,0.66,1006587.0
GOLD,HRTA.JK,5,0.5,5,2026,7,2,5,28.57,-3.86,17.89,-20.0,-29.41,705925.0
GOLD,HRTA.JK,5,0.5,10,2026,7,2,5,28.57,-2.67,32.44,-20.0,-26.55,734543.0
GOLD,HRTA.JK,5,1.0,1,2026,7,3,4,42.86,2.22,16.51,-6.86,14.22,1142238.0
GOLD,HRTA.JK,5,1.0,2,2026,7,3,4,42.86,0.53,12.44,-7.69,2.18,1021801.0
GOLD,HRTA.JK,5,1.0,3,2026,7,2,5,28.57,0.53,17.78,-9.23,0.66,1006587.0
GOLD,HRTA.JK,5,1.0,5,2026,7,2,5,28.57,-3.86,17.89,-20.0,-29.41,705925.0
GOLD,HRTA.JK,5,1.0,10,2026,7,2,5,28.57,-2.67,32.44,-20.0,-26.55,734543.0
GOLD,HRTA.JK,5,1.5,1,2026,6,2,4,33.33,1.27,16.51,-6.86,5.37,1053740.0
GOLD,HRTA.JK,5,1.5,2,2026,6,2,4,33.33,-0.71,12.44,-7.69,-5.86,941403.0
GOLD,HRTA.JK,5,1.5,3,2026,6,2,4,33.33,-0.25,17.78,-9.23,-4.72,952768.0
GOLD,HRTA.JK,5,1.5,5,2026,6,2,4,33.33,-1.88,17.89,-20.0,-15.91,840894.0
GOLD,HRTA.JK,5,1.5,10,2026,6,2,4,33.33,-4.64,32.44,-25.78,-35.08,649208.0
GOLD,HRTA.JK,5,2.0,1,2026,6,2,4,33.33,1.27,16.51,-6.86,5.37,1053740.0
GOLD,HRTA.JK,5,2.0,2,2026,6,2,4,33.33,-0.71,12.44,-7.69,-5.86,941403.0
GOLD,HRTA.JK,5,2.0,3,2026,6,2,4,33.33,-0.25,17.78,-9.23,-4.72,952768.0
GOLD,HRTA.JK,5,2.0,5,2026,6,2,4,33.33,-1.88,17.89,-20.0,-15.91,840894.0
GOLD,HRTA.JK,5,2.0,10,2026,6,2,4,33.33,-4.64,32.44,-25.78,-35.08,649208.0
GOLD,HRTA.JK,5,2.5,1,2026,6,2,4,33.33,1.27,16.51,-6.86,5.37,1053740.0
GOLD,HRTA.JK,5,2.5,2,2026,6,2,4,33.33,-0.71,12.44,-7.69,-5.86,941403.0
GOLD,HRTA.JK,5,2.5,3,2026,6,2,4,33.33,-0.25,17.78,-9.23,-4.72,952768.0
GOLD,HRTA.JK,5,2.5,5,2026,6,2,4,33.33,-1.88,17.89,-20.0,-15.91,840894.0
GOLD,HRTA.JK,5,2.5,10,2026,6,2,4,33.33,-4.64,32.44,-25.78,-35.08,649208.0
GOLD,HRTA.JK,5,3.0,1,2026,6,1,5,16.67,-2.79,11.11,-7.87,-16.68,833243.0
GOLD,HRTA.JK,5,3.0,2,2026,6,1,5,16.67,-2.65,12.44,-7.69,-16.09,839054.0
GOLD,HRTA.JK,5,3.0,3,2026,6,1,5,16.67,-2.95,17.78,-9.23,-18.56,814387.0
GOLD,HRTA.JK,5,3.0,5,2026,6,2,4,33.33,-4.53,15.56,-20.0,-27.27,727339.0
GOLD,HRTA.JK,5,3.0,10,2026,6,2,4,33.33,-6.38,32.44,-25.78,-40.83,591720.0
GOLD,HRTA.JK,5,5.0,1,2026,4,2,2,50.0,-0.59,7.38,-7.87,-2.93,970694.0
GOLD,HRTA.JK,5,5.0,2,2026,4,2,2,50.0,1.58,8.72,-4.33,5.86,1058566.0
GOLD,HRTA.JK,5,5.0,3,2026,4,2,2,50.0,0.67,9.06,-5.53,1.97,1019749.0
GOLD,HRTA.JK,5,5.0,5,2026,4,3,1,75.0,-2.23,1.97,-11.98,-9.26,907439.0
GOLD,HRTA.JK,5,5.0,10,2026,4,1,3,25.0,-7.66,7.87,-19.82,-28.92,710759.0
GOLD,HRTA.JK,10,0.5,1,2026,5,2,3,40.0,0.85,3.85,-2.67,4.15,1041515.0
GOLD,HRTA.JK,10,0.5,2,2026,5,3,2,60.0,0.56,5.77,-11.45,1.73,1017272.0
GOLD,HRTA.JK,10,0.5,3,2026,5,3,2,60.0,1.18,9.62,-11.07,4.71,1047056.0
GOLD,HRTA.JK,10,0.5,5,2026,5,2,3,40.0,-1.94,14.62,-18.35,-12.15,878548.0
GOLD,HRTA.JK,10,0.5,10,2026,5,2,3,40.0,-2.06,18.52,-17.56,-15.33,846741.0
GOLD,HRTA.JK,10,1.0,1,2026,5,2,3,40.0,0.92,3.85,-2.67,4.54,1045383.0
GOLD,HRTA.JK,10,1.0,2,2026,5,3,2,60.0,0.63,5.77,-11.45,2.1,1021050.0
GOLD,HRTA.JK,10,1.0,3,2026,5,3,2,60.0,-0.92,9.62,-11.07,-6.36,936391.0
GOLD,HRTA.JK,10,1.0,5,2026,5,2,3,40.0,-1.95,14.62,-18.42,-12.22,877795.0
GOLD,HRTA.JK,10,1.0,10,2026,5,2,3,40.0,-1.99,18.52,-17.56,-15.0,849984.0
GOLD,HRTA.JK,10,1.5,1,2026,5,3,2,60.0,2.25,6.2,-2.67,11.48,1114767.0
GOLD,HRTA.JK,10,1.5,2,2026,5,3,2,60.0,0.88,7.02,-11.45,3.32,1033214.0
GOLD,HRTA.JK,10,1.5,3,2026,5,3,2,60.0,-1.33,9.62,-11.07,-8.14,918556.0
GOLD,HRTA.JK,10,1.5,5,2026,5,2,3,40.0,-1.29,14.62,-18.42,-9.37,906264.0
GOLD,HRTA.JK,10,1.5,10,2026,5,2,3,40.0,-1.15,22.73,-17.56,-11.98,880177.0
GOLD,HRTA.JK,10,2.0,1,2026,4,2,2,50.0,0.49,3.85,-2.67,1.87,1018656.0
GOLD,HRTA.JK,10,2.0,2,2026,4,1,3,25.0,-4.54,5.77,-11.45,-17.85,821486.0
GOLD,HRTA.JK,10,2.0,3,2026,4,1,3,25.0,-5.75,9.62,-18.05,-22.91,770929.0
GOLD,HRTA.JK,10,2.0,5,2026,4,2,2,50.0,-3.23,14.62,-19.92,-15.24,847556.0
GOLD,HRTA.JK,10,2.0,10,2026,4,2,2,50.0,1.3,18.29,-17.56,0.25,1002523.0
GOLD,HRTA.JK,10,2.5,1,2026,4,2,2,50.0,0.49,3.85,-2.67,1.87,1018656.0
GOLD,HRTA.JK,10,2.5,2,2026,4,1,3,25.0,-4.54,5.77,-11.45,-17.85,821486.0
GOLD,HRTA.JK,10,2.5,3,2026,4,1,3,25.0,-5.75,9.62,-18.05,-22.91,770929.0
GOLD,HRTA.JK,10,2.5,5,2026,4,2,2,50.0,-3.23,14.62,-19.92,-15.24,847556.0
GOLD,HRTA.JK,10,2.5,10,2026,4,2,2,50.0,1.3,18.29,-17.56,0.25,1002523.0
GOLD,HRTA.JK,10,3.0,1,2026,4,2,2,50.0,0.49,3.85,-2.67,1.87,1018656.0
GOLD,HRTA.JK,10,3.0,2,2026,4,1,3,25.0,-4.54,5.77,-11.45,-17.85,821486.0
GOLD,HRTA.JK,10,3.0,3,2026,4,1,3,25.0,-5.75,9.62,-18.05,-22.91,770929.0
GOLD,HRTA.JK,10,3.0,5,2026,4,2,2,50.0,-3.23,14.62,-19.92,-15.24,847556.0
GOLD,HRTA.JK,10,3.0,10,2026,4,2,2,50.0,1.3,18.29,-17.56,0.25,1002523.0
GOLD,HRTA.JK,10,5.0,1,2026,3,2,1,66.67,0.65,3.85,-2.67,1.87,1018656.0
GOLD,HRTA.JK,10,5.0,2,2026,3,1,2,33.33,-2.41,5.77,-11.45,-7.8,921982.0
GOLD,HRTA.JK,10,5.0,3,2026,3,1,2,33.33,-1.65,9.62,-11.07,-5.93,940731.0
GOLD,HRTA.JK,10,5.0,5,2026,3,2,1,66.67,2.33,14.62,-8.02,5.84,1058386.0
GOLD,HRTA.JK,10,5.0,10,2026,3,2,1,66.67,5.37,18.29,-17.56,12.52,1125166.0
GOLD,MDKA.JK,1,0.5,1,2026,7,5,2,71.43,4.01,24.77,-0.36,28.92,1289249.0
GOLD,MDKA.JK,1,0.5,2,2026,7,4,3,57.14,4.54,30.73,-5.19,31.44,1314405.0
GOLD,MDKA.JK,1,0.5,3,2026,7,4,3,57.14,5.27,24.77,-3.09,40.07,1400724.0
GOLD,MDKA.JK,1,0.5,5,2026,7,6,1,85.71,6.17,24.77,-8.1,47.61,1476066.0
GOLD,MDKA.JK,1,0.5,10,2026,7,3,4,42.86,2.79,22.59,-11.68,15.88,1158780.0
GOLD,MDKA.JK,1,1.0,1,2026,7,5,2,71.43,0.48,1.93,-2.23,3.35,1033476.0
GOLD,MDKA.JK,1,1.0,2,2026,7,2,5,28.57,-3.4,5.95,-10.42,-22.38,776242.0
GOLD,MDKA.JK,1,1.0,3,2026,7,2,5,28.57,-0.61,7.37,-5.58,-4.7,953039.0
GOLD,MDKA.JK,1,1.0,5,2026,7,5,2,71.43,1.23,15.56,-8.1,7.04,1070441.0
GOLD,MDKA.JK,1,1.0,10,2026,6,3,3,50.0,3.18,22.59,-7.46,17.74,1177361.0
GOLD,MDKA.JK,1,1.5,1,2026,6,4,2,66.67,0.55,1.7,-0.36,3.33,1033300.0
GOLD,MDKA.JK,1,1.5,2,2026,6,3,3,50.0,0.18,5.95,-5.19,0.54,1005435.0
GOLD,MDKA.JK,1,1.5,3,2026,6,3,3,50.0,2.02,7.37,-3.09,12.26,1122645.0
GOLD,MDKA.JK,1,1.5,5,2026,6,5,1,83.33,3.07,15.56,-8.1,18.3,1183029.0
GOLD,MDKA.JK,1,1.5,10,2026,6,2,4,33.33,0.27,22.59,-11.68,-1.71,982933.0
GOLD,MDKA.JK,1,2.0,1,2026,6,3,3,50.0,-1.74,1.7,-13.12,-10.76,892377.0
GOLD,MDKA.JK,1,2.0,2,2026,6,2,4,33.33,-1.79,5.95,-10.31,-11.15,888535.0
GOLD,MDKA.JK,1,2.0,3,2026,6,2,4,33.33,0.15,7.37,-10.31,-0.21,997919.0
GOLD,MDKA.JK,1,2.0,5,2026,6,4,2,66.67,0.03,15.56,-14.69,-2.56,974360.0
GOLD,MDKA.JK,1,2.0,10,2026,6,2,4,33.33,-3.8,22.59,-31.87,-27.63,723657.0
GOLD,MDKA.JK,1,2.5,1,2026,6,3,3,50.0,-1.83,1.26,-13.12,-11.27,887284.0
GOLD,MDKA.JK,1,2.5,2,2026,6,1,5,16.67,-5.55,4.38,-13.88,-29.76,702413.0
GOLD,MDKA.JK,1,2.5,3,2026,6,1,5,16.67,-2.41,6.93,-10.31,-14.42,855750.0
GOLD,MDKA.JK,1,2.5,5,2026,6,3,3,50.0,-0.29,15.56,-14.69,-4.16,958442.0
GOLD,MDKA.JK,1,2.5,10,2026,6,2,4,33.33,-4.77,22.59,-31.87,-31.87,681265.0
GOLD,MDKA.JK,1,3.0,1,2026,3,0,3,0.0,-0.93,-0.31,-2.11,-2.76,972352.0
GOLD,MDKA.JK,1,3.0,2,2026,3,1,2,33.33,-0.08,4.38,-4.32,-0.43,995712.0
GOLD,MDKA.JK,1,3.0,3,2026,3,2,1,66.67,2.69,6.93,-3.09,8.01,1080092.0
GOLD,MDKA.JK,1,3.0,5,2026,3,2,1,66.67,0.72,3.65,-2.11,2.09,1020921.0
GOLD,MDKA.JK,1,3.0,10,2026,3,0,3,0.0,-6.92,-0.62,-11.68,-19.65,803469.0
GOLD,MDKA.JK,1,5.0,1,2026,1,1,0,100.0,0.99,0.99,0.99,0.99,1009900.0
GOLD,MDKA.JK,1,5.0,2,2026,1,0,1,0.0,-5.94,-5.94,-5.94,-5.94,940600.0
GOLD,MDKA.JK,1,5.0,3,2026,1,1,0,100.0,0.33,0.33,0.33,0.33,1003300.0
GOLD,MDKA.JK,1,5.0,5,2026,1,1,0,100.0,4.29,4.29,4.29,4.29,1042900.0
GOLD,MDKA.JK,1,5.0,10,2026,1,1,0,100.0,18.48,18.48,18.48,18.48,1184800.0
GOLD,MDKA.JK,3,0.5,1,2026,8,6,2,75.0,0.39,5.47,-12.12,2.09,1020860.0
GOLD,MDKA.JK,3,0.5,2,2026,8,5,3,62.5,1.07,12.89,-13.88,6.06,1060621.0
GOLD,MDKA.JK,3,0.5,3,2026,8,5,3,62.5,4.05,21.88,-6.94,33.5,1334982.0
GOLD,MDKA.JK,3,0.5,5,2026,7,4,3,57.14,1.77,16.8,-7.32,11.19,1111943.0
GOLD,MDKA.JK,3,0.5,10,2026,7,5,2,71.43,4.41,28.91,-7.46,30.9,1309004.0
GOLD,MDKA.JK,3,1.0,1,2026,6,4,2,66.67,-2.59,5.47,-13.12,-16.0,839971.0
GOLD,MDKA.JK,3,1.0,2,2026,6,3,3,50.0,-0.55,12.89,-13.88,-6.12,938826.0
GOLD,MDKA.JK,3,1.0,3,2026,6,3,3,50.0,2.42,21.88,-10.31,11.82,1118173.0
GOLD,MDKA.JK,3,1.0,5,2026,6,3,3,50.0,0.24,16.8,-14.69,-1.19,988145.0
GOLD,MDKA.JK,3,1.0,10,2026,6,5,1,83.33,1.2,28.91,-31.87,-2.95,970512.0
GOLD,MDKA.JK,3,1.5,1,2026,6,6,0,100.0,2.89,5.47,1.26,18.57,1185654.0
GOLD,MDKA.JK,3,1.5,2,2026,6,5,1,83.33,3.24,12.89,-13.88,18.55,1185500.0
GOLD,MDKA.JK,3,1.5,3,2026,6,3,3,50.0,3.89,21.88,-6.94,22.77,1227664.0
GOLD,MDKA.JK,3,1.5,5,2026,6,3,3,50.0,3.08,16.8,-3.47,18.46,1184639.0
GOLD,MDKA.JK,3,1.5,10,2026,6,3,3,50.0,2.17,28.91,-10.96,8.88,1088768.0
GOLD,MDKA.JK,3,2.0,1,2026,6,6,0,100.0,2.89,5.47,1.26,18.57,1185654.0
GOLD,MDKA.JK,3,2.0,2,2026,6,5,1,83.33,3.24,12.89,-13.88,18.55,1185500.0
GOLD,MDKA.JK,3,2.0,3,2026,6,3,3,50.0,3.89,21.88,-6.94,22.77,1227664.0
GOLD,MDKA.JK,3,2.0,5,2026,6,3,3,50.0,3.08,16.8,-3.47,18.46,1184639.0
GOLD,MDKA.JK,3,2.0,10,2026,6,3,3,50.0,2.17,28.91,-10.96,8.88,1088768.0
GOLD,MDKA.JK,3,2.5,1,2026,6,5,1,83.33,2.28,5.47,-2.4,14.25,1142460.0
GOLD,MDKA.JK,3,2.5,2,2026,6,4,2,66.67,1.5,12.89,-13.88,7.07,1070735.0
GOLD,MDKA.JK,3,2.5,3,2026,6,2,4,33.33,2.13,21.88,-6.94,10.45,1104501.0
GOLD,MDKA.JK,3,2.5,5,2026,6,2,4,33.33,2.2,16.8,-3.47,12.39,1123861.0
GOLD,MDKA.JK,3,2.5,10,2026,6,2,4,33.33,1.48,28.91,-10.96,4.51,1045133.0
GOLD,MDKA.JK,3,3.0,1,2026,6,5,1,83.33,2.28,5.47,-2.4,14.25,1142460.0
GOLD,MDKA.JK,3,3.0,2,2026,6,4,2,66.67,1.5,12.89,-13.88,7.07,1070735.0
GOLD,MDKA.JK,3,3.0,3,2026,6,2,4,33.33,2.13,21.88,-6.94,10.45,1104501.0
GOLD,MDKA.JK,3,3.0,5,2026,6,2,4,33.33,2.2,16.8,-3.47,12.39,1123861.0
GOLD,MDKA.JK,3,3.0,10,2026,6,2,4,33.33,1.48,28.91,-10.96,4.51,1045133.0
GOLD,MDKA.JK,3,5.0,1,2026,3,2,1,66.67,2.3,4.76,-2.4,6.9,1068979.0
GOLD,MDKA.JK,3,5.0,2,2026,3,1,2,33.33,0.64,7.33,-2.73,1.59,1015915.0
GOLD,MDKA.JK,3,5.0,3,2026,3,1,2,33.33,0.16,7.69,-5.39,0.03,1000312.0
GOLD,MDKA.JK,3,5.0,5,2026,3,0,3,0.0,-2.13,-0.37,-3.29,-6.28,937218.0
GOLD,MDKA.JK,3,5.0,10,2026,3,0,3,0.0,-7.07,-0.6,-13.64,-20.13,798672.0
GOLD,MDKA.JK,5,0.5,1,2026,7,5,2,71.43,1.05,7.96,-7.11,6.6,1065976.0
GOLD,MDKA.JK,5,0.5,2,2026,7,5,2,71.43,-0.15,5.88,-12.94,-2.43,975672.0
GOLD,MDKA.JK,5,0.5,3,2026,7,4,3,57.14,-0.22,4.93,-8.12,-2.2,978037.0
GOLD,MDKA.JK,5,0.5,5,2026,7,5,2,71.43,-0.16,11.07,-15.48,-4.29,957090.0
GOLD,MDKA.JK,5,0.5,10,2026,7,3,4,42.86,-0.44,25.66,-22.34,-10.18,898163.0
GOLD,MDKA.JK,5,1.0,1,2026,7,5,2,71.43,1.05,7.96,-7.11,6.6,1065976.0
GOLD,MDKA.JK,5,1.0,2,2026,7,5,2,71.43,-0.15,5.88,-12.94,-2.43,975672.0
GOLD,MDKA.JK,5,1.0,3,2026,7,4,3,57.14,-0.22,4.93,-8.12,-2.2,978037.0
GOLD,MDKA.JK,5,1.0,5,2026,7,5,2,71.43,-0.16,11.07,-15.48,-4.29,957090.0
GOLD,MDKA.JK,5,1.0,10,2026,7,3,4,42.86,-0.44,25.66,-22.34,-10.18,898163.0
GOLD,MDKA.JK,5,1.5,1,2026,6,4,2,66.67,-0.3,7.96,-13.12,-3.5,965045.0
GOLD,MDKA.JK,5,1.5,2,2026,6,4,2,66.67,-1.13,5.88,-12.94,-8.28,917224.0
GOLD,MDKA.JK,5,1.5,3,2026,6,3,3,50.0,-1.21,4.93,-10.31,-8.06,919447.0
GOLD,MDKA.JK,5,1.5,5,2026,6,4,2,66.67,-0.73,11.07,-15.48,-7.64,923644.0
GOLD,MDKA.JK,5,1.5,10,2026,6,3,3,50.0,-3.66,25.66,-31.87,-30.03,699705.0
GOLD,MDKA.JK,5,2.0,1,2026,6,4,2,66.67,-0.3,7.96,-13.12,-3.5,965045.0
GOLD,MDKA.JK,5,2.0,2,2026,6,4,2,66.67,-1.13,5.88,-12.94,-8.28,917224.0
GOLD,MDKA.JK,5,2.0,3,2026,6,3,3,50.0,-1.21,4.93,-10.31,-8.06,919447.0
GOLD,MDKA.JK,5,2.0,5,2026,6,4,2,66.67,-0.73,11.07,-15.48,-7.64,923644.0
GOLD,MDKA.JK,5,2.0,10,2026,6,3,3,50.0,-3.66,25.66,-31.87,-30.03,699705.0
GOLD,MDKA.JK,5,2.5,1,2026,6,4,2,66.67,-0.3,7.96,-13.12,-3.5,965045.0
GOLD,MDKA.JK,5,2.5,2,2026,6,4,2,66.67,-1.13,5.88,-12.94,-8.28,917224.0
GOLD,MDKA.JK,5,2.5,3,2026,6,3,3,50.0,-1.21,4.93,-10.31,-8.06,919447.0
GOLD,MDKA.JK,5,2.5,5,2026,6,4,2,66.67,-0.73,11.07,-15.48,-7.64,923644.0
GOLD,MDKA.JK,5,2.5,10,2026,6,3,3,50.0,-3.66,25.66,-31.87,-30.03,699705.0
GOLD,MDKA.JK,5,3.0,1,2026,6,3,3,50.0,-1.76,7.96,-13.12,-11.45,885479.0
GOLD,MDKA.JK,5,3.0,2,2026,6,3,3,50.0,-2.22,5.88,-12.94,-14.03,859709.0
GOLD,MDKA.JK,5,3.0,3,2026,6,2,4,33.33,-2.69,4.93,-10.31,-15.95,840472.0
GOLD,MDKA.JK,5,3.0,5,2026,6,3,3,50.0,-2.13,11.07,-15.48,-15.01,849910.0
GOLD,MDKA.JK,5,3.0,10,2026,6,2,4,33.33,-4.88,25.66,-31.87,-34.81,651895.0
GOLD,MDKA.JK,5,5.0,1,2026,4,2,2,50.0,-0.7,2.45,-4.71,-2.96,970443.0
GOLD,MDKA.JK,5,5.0,2,2026,4,2,2,50.0,1.19,6.48,-2.69,4.57,1045677.0
GOLD,MDKA.JK,5,5.0,3,2026,4,1,3,25.0,-0.97,3.14,-5.39,-4.0,959965.0
GOLD,MDKA.JK,5,5.0,5,2026,4,1,3,25.0,-3.56,1.4,-10.21,-13.85,861497.0
GOLD,MDKA.JK,5,5.0,10,2026,4,0,4,0.0,-7.28,-0.6,-11.78,-26.45,735481.0
GOLD,MDKA.JK,10,0.5,1,2026,5,3,2,60.0,1.57,7.29,-4.88,7.55,1075520.0
GOLD,MDKA.JK,10,0.5,2,2026,5,4,1,80.0,1.58,9.12,-4.88,7.65,1076500.0
GOLD,MDKA.JK,10,0.5,3,2026,5,3,2,60.0,2.44,13.68,-4.88,11.8,1117966.0
GOLD,MDKA.JK,10,0.5,5,2026,5,1,4,20.0,-1.59,16.11,-12.89,-9.92,900781.0
GOLD,MDKA.JK,10,0.5,10,2026,5,2,3,40.0,-2.58,4.26,-8.1,-12.87,871328.0
GOLD,MDKA.JK,10,1.0,1,2026,5,3,2,60.0,2.55,7.29,-2.77,13.07,1130698.0
GOLD,MDKA.JK,10,1.0,2,2026,5,4,1,80.0,2.56,9.12,0.0,13.17,1131729.0
GOLD,MDKA.JK,10,1.0,3,2026,5,3,2,60.0,2.9,13.68,-2.56,14.52,1145233.0
GOLD,MDKA.JK,10,1.0,5,2026,5,1,4,20.0,-1.8,16.11,-13.92,-10.99,890130.0
GOLD,MDKA.JK,10,1.0,10,2026,5,2,3,40.0,-1.61,4.26,-8.1,-8.4,916011.0
GOLD,MDKA.JK,10,1.5,1,2026,5,4,1,80.0,3.99,7.29,0.0,21.44,1214427.0
GOLD,MDKA.JK,10,1.5,2,2026,5,4,1,80.0,2.69,9.12,0.0,13.93,1139308.0
GOLD,MDKA.JK,10,1.5,3,2026,5,4,1,80.0,3.4,13.68,-2.56,17.43,1174273.0
GOLD,MDKA.JK,10,1.5,5,2026,5,2,3,40.0,-0.87,16.11,-13.92,-6.71,932928.0
GOLD,MDKA.JK,10,1.5,10,2026,5,2,3,40.0,-0.89,6.65,-8.1,-5.23,947736.0
GOLD,MDKA.JK,10,2.0,1,2026,4,2,2,50.0,2.07,7.29,-2.12,8.29,1082919.0
GOLD,MDKA.JK,10,2.0,2,2026,4,2,2,50.0,1.27,9.12,-2.56,4.72,1047183.0
GOLD,MDKA.JK,10,2.0,3,2026,4,2,2,50.0,0.88,13.68,-8.42,2.15,1021536.0
GOLD,MDKA.JK,10,2.0,5,2026,4,2,2,50.0,-0.63,16.11,-20.15,-5.88,941231.0
GOLD,MDKA.JK,10,2.0,10,2026,4,2,2,50.0,-0.3,4.26,-8.1,-1.65,983529.0
GOLD,MDKA.JK,10,2.5,1,2026,4,2,2,50.0,2.07,7.29,-2.12,8.29,1082919.0
GOLD,MDKA.JK,10,2.5,2,2026,4,2,2,50.0,1.27,9.12,-2.56,4.72,1047183.0
GOLD,MDKA.JK,10,2.5,3,2026,4,2,2,50.0,0.88,13.68,-8.42,2.15,1021536.0
GOLD,MDKA.JK,10,2.5,5,2026,4,2,2,50.0,-0.63,16.11,-20.15,-5.88,941231.0
GOLD,MDKA.JK,10,2.5,10,2026,4,2,2,50.0,-0.3,4.26,-8.1,-1.65,983529.0
GOLD,MDKA.JK,10,3.0,1,2026,4,2,2,50.0,2.07,7.29,-2.12,8.29,1082919.0
GOLD,MDKA.JK,10,3.0,2,2026,4,2,2,50.0,1.27,9.12,-2.56,4.72,1047183.0
GOLD,MDKA.JK,10,3.0,3,2026,4,2,2,50.0,0.88,13.68,-8.42,2.15,1021536.0
GOLD,MDKA.JK,10,3.0,5,2026,4,2,2,50.0,-0.63,16.11,-20.15,-5.88,941231.0
GOLD,MDKA.JK,10,3.0,10,2026,4,2,2,50.0,-0.3,4.26,-8.1,-1.65,983529.0
GOLD,MDKA.JK,10,5.0,1,2026,3,2,1,66.67,2.76,7.29,-2.12,8.29,1082919.0
GOLD,MDKA.JK,10,5.0,2,2026,3,2,1,66.67,2.54,9.12,-2.42,7.47,1074696.0
GOLD,MDKA.JK,10,5.0,3,2026,3,2,1,66.67,3.98,13.68,-4.55,11.55,1115458.0
GOLD,MDKA.JK,10,5.0,5,2026,3,2,1,66.67,5.88,16.11,0.0,17.87,1178749.0
GOLD,MDKA.JK,10,5.0,10,2026,3,2,1,66.67,-0.27,4.26,-8.1,-1.28,987181.0
GOLD,PSAB.JK,1,0.5,1,2026,7,4,3,57.14,1.65,14.52,-4.27,10.91,1109128.0
GOLD,PSAB.JK,1,0.5,2,2026,7,3,4,42.86,1.42,19.89,-4.8,8.13,1081320.0
GOLD,PSAB.JK,1,0.5,3,2026,7,1,6,14.29,0.27,25.81,-12.0,-2.03,979740.0
GOLD,PSAB.JK,1,0.5,5,2026,7,2,5,28.57,-0.33,25.81,-18.4,-7.58,924205.0
GOLD,PSAB.JK,1,0.5,10,2026,7,3,4,42.86,-0.07,34.41,-17.6,-9.42,905784.0
GOLD,PSAB.JK,1,1.0,1,2026,7,5,2,71.43,2.33,14.5,-4.0,16.41,1164074.0
GOLD,PSAB.JK,1,1.0,2,2026,7,3,4,42.86,-0.71,6.09,-5.39,-5.43,945660.0
GOLD,PSAB.JK,1,1.0,3,2026,7,0,7,0.0,-3.52,0.0,-12.0,-22.62,773759.0
GOLD,PSAB.JK,1,1.0,5,2026,7,2,5,28.57,-0.69,13.45,-18.4,-7.57,924263.0
GOLD,PSAB.JK,1,1.0,10,2026,6,2,4,33.33,-3.18,8.33,-17.6,-19.67,803316.0
GOLD,PSAB.JK,1,1.5,1,2026,6,3,3,50.0,-0.49,3.6,-4.27,-3.15,968502.0
GOLD,PSAB.JK,1,1.5,2,2026,6,2,4,33.33,-1.65,3.6,-4.8,-9.81,901927.0
GOLD,PSAB.JK,1,1.5,3,2026,6,0,6,0.0,-3.99,0.0,-12.0,-22.13,778745.0
GOLD,PSAB.JK,1,1.5,5,2026,6,1,5,16.67,-4.69,6.25,-18.4,-26.54,734604.0
GOLD,PSAB.JK,1,1.5,10,2026,6,2,4,33.33,-5.82,8.33,-17.6,-32.61,673896.0
GOLD,PSAB.JK,1,2.0,1,2026,6,2,4,33.33,-2.58,1.67,-8.93,-14.86,851365.0
GOLD,PSAB.JK,1,2.0,2,2026,6,1,5,16.67,-3.74,1.79,-8.93,-20.72,792843.0
GOLD,PSAB.JK,1,2.0,3,2026,6,0,6,0.0,-5.03,0.0,-12.0,-27.03,729710.0
GOLD,PSAB.JK,1,2.0,5,2026,6,1,5,16.67,-6.32,6.25,-18.4,-33.81,661884.0
GOLD,PSAB.JK,1,2.0,10,2026,6,2,4,33.33,-10.06,8.33,-33.57,-51.28,487180.0
GOLD,PSAB.JK,1,2.5,1,2026,6,2,4,33.33,-2.87,2.7,-8.93,-16.55,834501.0
GOLD,PSAB.JK,1,2.5,2,2026,6,0,6,0.0,-7.25,-2.7,-21.34,-37.38,626198.0
GOLD,PSAB.JK,1,2.5,3,2026,6,0,6,0.0,-5.41,0.0,-14.29,-28.94,710650.0
GOLD,PSAB.JK,1,2.5,5,2026,6,2,4,33.33,-5.04,6.25,-16.97,-28.27,717274.0
GOLD,PSAB.JK,1,2.5,10,2026,6,2,4,33.33,-8.71,8.33,-33.57,-46.47,535270.0
GOLD,PSAB.JK,1,3.0,1,2026,3,0,3,0.0,-2.98,-0.83,-4.27,-8.72,912804.0
GOLD,PSAB.JK,1,3.0,2,2026,3,0,3,0.0,-3.94,-2.92,-4.62,-11.36,886411.0
GOLD,PSAB.JK,1,3.0,3,2026,3,0,3,0.0,-4.15,-2.31,-5.98,-11.98,880181.0
GOLD,PSAB.JK,1,3.0,5,2026,3,1,2,33.33,-3.76,6.25,-9.83,-11.56,884382.0
GOLD,PSAB.JK,1,3.0,10,2026,3,1,2,33.33,-10.68,6.25,-20.77,-30.57,694332.0
GOLD,PSAB.JK,1,5.0,1,2026,1,0,1,0.0,-4.08,-4.08,-4.08,-4.08,959200.0
GOLD,PSAB.JK,1,5.0,2,2026,1,0,1,0.0,-5.24,-5.24,-5.24,-5.24,947600.0
GOLD,PSAB.JK,1,5.0,3,2026,1,0,1,0.0,-1.94,-1.94,-1.94,-1.94,980600.0
GOLD,PSAB.JK,1,5.0,5,2026,1,1,0,100.0,4.85,4.85,4.85,4.85,1048500.0
GOLD,PSAB.JK,1,5.0,10,2026,1,1,0,100.0,9.71,9.71,9.71,9.71,1097100.0
GOLD,PSAB.JK,3,0.5,1,2026,8,4,4,50.0,-0.79,3.6,-7.56,-6.79,932141.0
GOLD,PSAB.JK,3,0.5,2,2026,8,5,3,62.5,-1.54,12.66,-21.34,-15.61,843864.0
GOLD,PSAB.JK,3,0.5,3,2026,8,3,5,37.5,-1.18,9.44,-14.29,-10.91,890927.0
GOLD,PSAB.JK,3,0.5,5,2026,7,2,5,28.57,-1.99,8.37,-16.97,-15.34,846625.0
GOLD,PSAB.JK,3,0.5,10,2026,7,2,5,28.57,-4.4,13.73,-17.8,-29.77,702283.0
GOLD,PSAB.JK,3,1.0,1,2026,6,2,4,33.33,-3.46,3.45,-8.93,-19.63,803651.0
GOLD,PSAB.JK,3,1.0,2,2026,6,3,3,50.0,-4.07,12.66,-21.34,-25.49,745083.0
GOLD,PSAB.JK,3,1.0,3,2026,6,2,4,33.33,-3.24,9.44,-14.29,-19.44,805599.0
GOLD,PSAB.JK,3,1.0,5,2026,6,2,4,33.33,-2.52,8.37,-16.97,-16.51,834866.0
GOLD,PSAB.JK,3,1.0,10,2026,6,2,4,33.33,-7.28,13.73,-33.57,-41.94,580562.0
GOLD,PSAB.JK,3,1.5,1,2026,6,1,5,16.67,-1.34,3.45,-7.56,-8.09,919130.0
GOLD,PSAB.JK,3,1.5,2,2026,6,3,3,50.0,-0.56,12.66,-21.34,-6.67,933257.0
GOLD,PSAB.JK,3,1.5,3,2026,6,2,4,33.33,-2.54,9.44,-14.29,-15.73,842724.0
GOLD,PSAB.JK,3,1.5,5,2026,6,3,3,50.0,-1.74,8.37,-16.97,-12.34,876620.0
GOLD,PSAB.JK,3,1.5,10,2026,6,2,4,33.33,-5.48,13.73,-16.49,-31.84,681597.0
GOLD,PSAB.JK,3,2.0,1,2026,6,1,5,16.67,-1.34,3.45,-7.56,-8.09,919130.0
GOLD,PSAB.JK,3,2.0,2,2026,6,3,3,50.0,-0.56,12.66,-21.34,-6.67,933257.0
GOLD,PSAB.JK,3,2.0,3,2026,6,2,4,33.33,-2.54,9.44,-14.29,-15.73,842724.0
GOLD,PSAB.JK,3,2.0,5,2026,6,3,3,50.0,-1.74,8.37,-16.97,-12.34,876620.0
GOLD,PSAB.JK,3,2.0,10,2026,6,2,4,33.33,-5.48,13.73,-16.49,-31.84,681597.0
GOLD,PSAB.JK,3,2.5,1,2026,6,1,5,16.67,-1.6,3.45,-7.56,-9.55,904511.0
GOLD,PSAB.JK,3,2.5,2,2026,6,2,4,33.33,-2.67,5.17,-21.34,-17.16,828383.0
GOLD,PSAB.JK,3,2.5,3,2026,6,1,5,16.67,-4.75,1.72,-14.29,-25.93,740695.0
GOLD,PSAB.JK,3,2.5,5,2026,6,2,4,33.33,-3.61,7.76,-16.97,-21.42,785779.0
GOLD,PSAB.JK,3,2.5,10,2026,6,2,4,33.33,-6.5,7.62,-16.49,-35.5,644979.0
GOLD,PSAB.JK,3,3.0,1,2026,6,1,5,16.67,-1.6,3.45,-7.56,-9.55,904511.0
GOLD,PSAB.JK,3,3.0,2,2026,6,2,4,33.33,-2.67,5.17,-21.34,-17.16,828383.0
GOLD,PSAB.JK,3,3.0,3,2026,6,1,5,16.67,-4.75,1.72,-14.29,-25.93,740695.0
GOLD,PSAB.JK,3,3.0,5,2026,6,2,4,33.33,-3.61,7.76,-16.97,-21.42,785779.0
GOLD,PSAB.JK,3,3.0,10,2026,6,2,4,33.33,-6.5,7.62,-16.49,-35.5,644979.0
GOLD,PSAB.JK,3,5.0,1,2026,3,1,2,33.33,-0.15,2.42,-2.86,-0.51,994908.0
GOLD,PSAB.JK,3,5.0,2,2026,3,1,2,33.33,-0.33,0.81,-1.79,-0.99,990055.0
GOLD,PSAB.JK,3,5.0,3,2026,3,0,3,0.0,-3.98,-3.23,-4.91,-11.49,885127.0
GOLD,PSAB.JK,3,5.0,5,2026,3,0,3,0.0,-7.84,-2.86,-11.29,-21.9,780985.0
GOLD,PSAB.JK,3,5.0,10,2026,3,1,2,33.33,-9.17,7.62,-21.29,-27.02,729842.0
GOLD,PSAB.JK,5,0.5,1,2026,7,2,5,28.57,0.78,14.13,-3.85,4.47,1044723.0
GOLD,PSAB.JK,5,0.5,2,2026,7,3,4,42.86,0.14,10.87,-8.62,-0.6,994013.0
GOLD,PSAB.JK,5,0.5,3,2026,7,3,4,42.86,0.43,14.13,-9.48,0.78,1007817.0
GOLD,PSAB.JK,5,0.5,5,2026,7,3,4,42.86,-2.75,16.3,-20.77,-22.49,775127.0
GOLD,PSAB.JK,5,0.5,10,2026,7,3,4,42.86,0.25,14.13,-12.5,-1.4,985950.0
GOLD,PSAB.JK,5,1.0,1,2026,7,2,5,28.57,0.78,14.13,-3.85,4.47,1044723.0
GOLD,PSAB.JK,5,1.0,2,2026,7,3,4,42.86,0.14,10.87,-8.62,-0.6,994013.0
GOLD,PSAB.JK,5,1.0,3,2026,7,3,4,42.86,0.43,14.13,-9.48,0.78,1007817.0
GOLD,PSAB.JK,5,1.0,5,2026,7,3,4,42.86,-2.75,16.3,-20.77,-22.49,775127.0
GOLD,PSAB.JK,5,1.0,10,2026,7,3,4,42.86,0.25,14.13,-12.5,-1.4,985950.0
GOLD,PSAB.JK,5,1.5,1,2026,6,2,4,33.33,0.07,14.13,-8.93,-1.05,989526.0
GOLD,PSAB.JK,5,1.5,2,2026,6,3,3,50.0,0.04,10.87,-8.93,-1.57,984313.0
GOLD,PSAB.JK,5,1.5,3,2026,6,3,3,50.0,0.68,14.13,-9.48,1.76,1017597.0
GOLD,PSAB.JK,5,1.5,5,2026,6,3,3,50.0,-0.8,16.3,-17.93,-8.67,913274.0
GOLD,PSAB.JK,5,1.5,10,2026,6,3,3,50.0,-3.49,14.13,-33.57,-26.59,734128.0
GOLD,PSAB.JK,5,2.0,1,2026,6,2,4,33.33,0.07,14.13,-8.93,-1.05,989526.0
GOLD,PSAB.JK,5,2.0,2,2026,6,3,3,50.0,0.04,10.87,-8.93,-1.57,984313.0
GOLD,PSAB.JK,5,2.0,3,2026,6,3,3,50.0,0.68,14.13,-9.48,1.76,1017597.0
GOLD,PSAB.JK,5,2.0,5,2026,6,3,3,50.0,-0.8,16.3,-17.93,-8.67,913274.0
GOLD,PSAB.JK,5,2.0,10,2026,6,3,3,50.0,-3.49,14.13,-33.57,-26.59,734128.0
GOLD,PSAB.JK,5,2.5,1,2026,6,2,4,33.33,0.07,14.13,-8.93,-1.05,989526.0
GOLD,PSAB.JK,5,2.5,2,2026,6,3,3,50.0,0.04,10.87,-8.93,-1.57,984313.0
GOLD,PSAB.JK,5,2.5,3,2026,6,3,3,50.0,0.68,14.13,-9.48,1.76,1017597.0
GOLD,PSAB.JK,5,2.5,5,2026,6,3,3,50.0,-0.8,16.3,-17.93,-8.67,913274.0
GOLD,PSAB.JK,5,2.5,10,2026,6,3,3,50.0,-3.49,14.13,-33.57,-26.59,734128.0
GOLD,PSAB.JK,5,3.0,1,2026,6,1,5,16.67,-2.77,1.98,-8.93,-15.78,842220.0
GOLD,PSAB.JK,5,3.0,2,2026,6,2,4,33.33,-1.77,6.93,-8.93,-11.22,887808.0
GOLD,PSAB.JK,5,3.0,3,2026,6,2,4,33.33,-2.31,9.9,-9.48,-14.24,857642.0
GOLD,PSAB.JK,5,3.0,5,2026,6,2,4,33.33,-4.0,7.38,-17.93,-23.72,762816.0
GOLD,PSAB.JK,5,3.0,10,2026,6,3,3,50.0,-4.57,12.87,-33.57,-30.77,692253.0
GOLD,PSAB.JK,5,5.0,1,2026,4,0,4,0.0,-2.68,-0.8,-5.26,-10.34,896600.0
GOLD,PSAB.JK,5,5.0,2,2026,4,1,3,25.0,-1.7,1.6,-4.91,-6.78,932204.0
GOLD,PSAB.JK,5,5.0,3,2026,4,1,3,25.0,-1.96,1.75,-5.8,-7.8,921967.0
GOLD,PSAB.JK,5,5.0,5,2026,4,0,4,0.0,-5.12,-2.86,-7.02,-19.0,809982.0
GOLD,PSAB.JK,5,5.0,10,2026,4,1,3,25.0,-9.88,7.62,-20.96,-35.75,642480.0
GOLD,PSAB.JK,10,0.5,1,2026,5,2,3,40.0,0.47,6.09,-3.85,1.92,1019208.0
GOLD,PSAB.JK,10,0.5,2,2026,5,3,2,60.0,0.49,5.61,-4.58,2.05,1020517.0
GOLD,PSAB.JK,10,0.5,3,2026,5,2,3,40.0,-0.85,6.54,-5.34,-4.62,953816.0
GOLD,PSAB.JK,10,0.5,5,2026,5,2,3,40.0,-0.82,16.6,-20.77,-7.87,921317.0
GOLD,PSAB.JK,10,0.5,10,2026,5,1,4,20.0,-5.89,5.71,-22.14,-28.15,718452.0
GOLD,PSAB.JK,10,1.0,1,2026,5,2,3,40.0,1.24,6.09,-3.81,6.0,1060018.0
GOLD,PSAB.JK,10,1.0,2,2026,5,3,2,60.0,1.26,5.61,-4.58,6.14,1061381.0
GOLD,PSAB.JK,10,1.0,3,2026,5,2,3,40.0,-1.44,6.54,-6.8,-7.54,924552.0
GOLD,PSAB.JK,10,1.0,5,2026,5,2,3,40.0,-1.07,16.6,-22.0,-9.3,907015.0
GOLD,PSAB.JK,10,1.0,10,2026,5,1,4,20.0,-5.17,5.71,-22.14,-25.28,747190.0
GOLD,PSAB.JK,10,1.5,1,2026,5,3,2,60.0,3.19,6.09,-0.76,16.75,1167464.0
GOLD,PSAB.JK,10,1.5,2,2026,5,3,2,60.0,1.08,5.61,-4.58,5.19,1051902.0
GOLD,PSAB.JK,10,1.5,3,2026,5,3,2,60.0,-0.67,6.54,-6.8,-3.88,961195.0
GOLD,PSAB.JK,10,1.5,5,2026,5,3,2,60.0,0.3,16.6,-22.0,-2.97,970348.0
GOLD,PSAB.JK,10,1.5,10,2026,5,1,4,20.0,-3.54,13.86,-22.14,-19.52,804797.0
GOLD,PSAB.JK,10,2.0,1,2026,4,1,3,25.0,-0.19,4.67,-4.67,-0.98,990236.0
GOLD,PSAB.JK,10,2.0,2,2026,4,1,3,25.0,-2.61,5.61,-6.8,-10.47,895344.0
GOLD,PSAB.JK,10,2.0,3,2026,4,1,3,25.0,-5.04,6.54,-17.6,-20.01,799931.0
GOLD,PSAB.JK,10,2.0,5,2026,4,1,3,25.0,-6.38,6.54,-25.6,-25.78,742210.0
GOLD,PSAB.JK,10,2.0,10,2026,4,1,3,25.0,-5.5,7.48,-22.14,-22.4,775997.0
GOLD,PSAB.JK,10,2.5,1,2026,4,1,3,25.0,-0.19,4.67,-4.67,-0.98,990236.0
GOLD,PSAB.JK,10,2.5,2,2026,4,1,3,25.0,-2.61,5.61,-6.8,-10.47,895344.0
GOLD,PSAB.JK,10,2.5,3,2026,4,1,3,25.0,-5.04,6.54,-17.6,-20.01,799931.0
GOLD,PSAB.JK,10,2.5,5,2026,4,1,3,25.0,-6.38,6.54,-25.6,-25.78,742210.0
GOLD,PSAB.JK,10,2.5,10,2026,4,1,3,25.0,-5.5,7.48,-22.14,-22.4,775997.0
GOLD,PSAB.JK,10,3.0,1,2026,4,1,3,25.0,-0.19,4.67,-4.67,-0.98,990236.0
GOLD,PSAB.JK,10,3.0,2,2026,4,1,3,25.0,-2.61,5.61,-6.8,-10.47,895344.0
GOLD,PSAB.JK,10,3.0,3,2026,4,1,3,25.0,-5.04,6.54,-17.6,-20.01,799931.0
GOLD,PSAB.JK,10,3.0,5,2026,4,1,3,25.0,-6.38,6.54,-25.6,-25.78,742210.0
GOLD,PSAB.JK,10,3.0,10,2026,4,1,3,25.0,-5.5,7.48,-22.14,-22.4,775997.0
GOLD,PSAB.JK,10,5.0,1,2026,3,1,2,33.33,-0.25,4.67,-4.67,-0.98,990236.0
GOLD,PSAB.JK,10,5.0,2,2026,3,1,2,33.33,-1.21,5.61,-4.67,-3.93,960670.0
GOLD,PSAB.JK,10,5.0,3,2026,3,1,2,33.33,-0.85,6.54,-5.34,-2.92,970789.0
GOLD,PSAB.JK,10,5.0,5,2026,3,1,2,33.33,0.03,6.54,-4.58,-0.24,997594.0
GOLD,PSAB.JK,10,5.0,10,2026,3,1,2,33.33,-5.2,7.48,-22.14,-17.09,829057.0
