driver,driver_symbol,ticker,rule,signal_date,event_date,driver_close,driver_return_pct,entry_date,buy_date,exit_date,sell_date,entry_price,buy_price,exit_price,sell_price,return_pct,return_decimal,lookback_days,threshold_pct,hold_days,cooldown_days
GOLD,GOLD,ANTM.JK,GOLD >= +5% in 10D | Hold 10D | Cooldown 20D,2005-11-17,2005-11-17,486.2000122070313,5.672681103517219,2005-11-18,2005-11-18,2005-12-01,2005-12-01,407.3887634277344,407.3887634277344,487.18658447265625,487.18658447265625,19.58763427187087,0.19587634271870868,10,5.0,10,20
GOLD,GOLD,ANTM.JK,GOLD >= +5% in 10D | Hold 10D | Cooldown 20D,2006-01-03,2006-01-03,530.7000122070312,5.423126468325035,2006-01-04,2006-01-04,2006-01-17,2006-01-17,621.5828857421875,621.5828857421875,760.1790771484375,760.1790771484375,22.29729849153781,0.2229729849153781,10,5.0,10,20
GOLD,GOLD,ANTM.JK,GOLD >= +5% in 10D | Hold 10D | Cooldown 20D,2006-03-02,2006-03-02,568.2000122070312,5.280711386952364,2006-03-03,2006-03-03,2006-03-16,2006-03-16,739.1796264648438,739.1796264648438,730.7798461914062,730.7798461914062,-1.1363652314945183,-0.011363652314945183,10,5.0,10,20
GOLD,GOLD,ANTM.JK,GOLD >= +5% in 10D | Hold 10D | Cooldown 20D,2006-04-03,2006-04-03,589.4000244140625,6.159944426348152,2006-04-04,2006-04-04,2006-04-17,2006-04-17,755.9791870117188,755.9791870117188,835.7769775390625,835.7769775390625,10.555553895970782,0.10555553895970782,10,5.0,10,20
GOLD,GOLD,ANTM.JK,GOLD >= +5% in 10D | Hold 10D | Cooldown 20D,2006-05-03,2006-05-03,665.9000244140625,5.263997804818321,2006-05-04,2006-05-04,2006-05-17,2006-05-17,957.5736083984375,957.5736083984375,881.9757080078125,881.9757080078125,-7.89473516475293,-0.0789473516475293,10,5.0,10,20
GOLD,GOLD,ANTM.JK,GOLD >= +5% in 10D | Hold 10D | Cooldown 20D,2006-06-30,2006-06-30,613.5,6.1418685121107375,2006-07-03,2006-07-03,2006-07-14,2006-07-14,789.5782470703125,789.5782470703125,764.37890625,764.37890625,-3.191493802395562,-0.03191493802395562,10,5.0,10,20
GOLD,GOLD,ANTM.JK,GOLD >= +5% in 10D | Hold 10D | Cooldown 20D,2006-08-07,2006-08-07,647.7999877929688,5.728737536580497,2006-08-08,2006-08-08,2006-08-21,2006-08-21,873.575927734375,873.575927734375,898.7752075195312,898.7752075195312,2.884612428654121,0.028846124286541208,10,5.0,10,20
GOLD,GOLD,ANTM.JK,GOLD >= +5% in 10D | Hold 10D | Cooldown 20D,2006-11-03,2006-11-03,626.9000244140625,5.7166988893865955,2006-11-06,2006-11-06,2006-11-17,2006-11-17,1184.3673095703125,1184.3673095703125,1243.165771484375,1243.165771484375,4.964546170680317,0.04964546170680317,10,5.0,10,20
GOLD,GOLD,ANTM.JK,GOLD >= +5% in 10D | Hold 10D | Cooldown 20D,2007-01-23,2007-01-23,645.2000122070312,6.205763326260283,2007-01-24,2007-01-24,2007-02-06,2007-02-06,1352.3626708984375,1352.3626708984375,1285.16455078125,1285.16455078125,-4.968942249237374,-0.049689422492373736,10,5.0,10,20
GOLD,GOLD,ANTM.JK,GOLD >= +5% in 10D | Hold 10D | Cooldown 20D,2007-09-06,2007-09-06,695.5999755859375,5.537854855411228,2007-09-07,2007-09-07,2007-09-20,2007-09-20,1994.945068359375,1994.945068359375,2267.9375,2267.9375,13.684207949902682,0.13684207949902683,10,5.0,10,20
GOLD,GOLD,ANTM.JK,GOLD >= +5% in 10D | Hold 10D | Cooldown 20D,2007-11-02,2007-11-02,805.7000122070312,5.458116781025035,2007-11-05,2007-11-05,2007-11-16,2007-11-16,3065.91552734375,3065.91552734375,3653.8994140625,3653.8994140625,19.178085027938387,0.19178085027938385,10,5.0,10,20
GOLD,GOLD,ANTM.JK,GOLD >= +5% in 10D | Hold 10D | Cooldown 20D,2007-12-28,2007-12-28,839.5999755859375,5.0813486340347325,2007-12-31,2007-12-31,2008-01-16,2008-01-16,3758.896484375,3758.896484375,3275.90966796875,3275.90966796875,-12.849165131679797,-0.12849165131679796,10,5.0,10,20
GOLD,GOLD,ANTM.JK,GOLD >= +5% in 10D | Hold 10D | Cooldown 20D,2008-02-20,2008-02-20,934.5999755859376,5.4972287876485115,2008-02-21,2008-02-21,2008-03-05,2008-03-05,3401.90625,3401.90625,3401.90625,3401.90625,0.0,0.0,10,5.0,10,20
GOLD,GOLD,ANTM.JK,GOLD >= +5% in 10D | Hold 10D | Cooldown 20D,2008-04-15,2008-04-15,928.7000122070312,5.187448921338955,2008-04-16,2008-04-16,2008-04-29,2008-04-29,2918.91943359375,2918.91943359375,2897.920166015625,2897.920166015625,-0.7194192253628162,-0.007194192253628162,10,5.0,10,20
GOLD,GOLD,ANTM.JK,GOLD >= +5% in 10D | Hold 10D | Cooldown 20D,2008-05-16,2008-05-16,899.0,5.0110998291643005,2008-05-21,2008-05-21,2008-06-03,2008-06-03,2897.920166015625,2897.920166015625,2792.923095703125,2792.923095703125,-3.623187123779925,-0.03623187123779925,10,5.0,10,20
GOLD,GOLD,ANTM.JK,GOLD >= +5% in 10D | Hold 10D | Cooldown 20D,2008-06-26,2008-06-26,913.0999755859376,5.05061697680349,2008-06-27,2008-06-27,2008-07-10,2008-07-10,2708.92529296875,2708.92529296875,2540.929931640625,2540.929931640625,-6.201550178004966,-0.062015501780049664,10,5.0,10,20
GOLD,GOLD,ANTM.JK,GOLD >= +5% in 10D | Hold 10D | Cooldown 20D,2008-08-29,2008-08-29,829.2999877929688,5.508904299359885,2008-09-01,2008-09-01,2008-09-12,2008-09-12,1562.35693359375,1562.35693359375,1007.9722290039062,1007.9722290039062,-35.48387008560472,-0.3548387008560472,10,5.0,10,20
GOLD,GOLD,ANTM.JK,GOLD >= +5% in 10D | Hold 10D | Cooldown 20D,2008-09-30,2008-09-30,874.2000122070312,12.582100734968616,2008-10-06,2008-10-06,2008-10-17,2008-10-17,890.37548828125,890.37548828125,974.3731689453125,974.3731689453125,9.433961488114262,0.09433961488114262,10,5.0,10,20
GOLD,GOLD,ANTM.JK,GOLD >= +5% in 10D | Hold 10D | Cooldown 20D,2008-11-21,2008-11-21,791.7000122070312,7.978723271417731,2008-11-24,2008-11-24,2008-12-05,2008-12-05,806.3777465820312,806.3777465820312,806.3777465820312,806.3777465820312,0.0,0.0,10,5.0,10,20
GOLD,GOLD,ANTM.JK,GOLD >= +5% in 10D | Hold 10D | Cooldown 20D,2008-12-23,2008-12-23,837.2000122070312,8.38943368005789,2008-12-24,2008-12-24,2009-01-13,2009-01-13,907.1749877929688,907.1749877929688,965.973388671875,965.973388671875,6.481483911053876,0.06481483911053876,10,5.0,10,20
GOLD,GOLD,ANTM.JK,GOLD >= +5% in 10D | Hold 10D | Cooldown 20D,2009-01-26,2009-01-26,908.5,6.344377031662329,2009-01-27,2009-01-27,2009-02-09,2009-02-09,940.7740478515625,940.7740478515625,915.5747680664062,915.5747680664062,-2.6785687639559796,-0.026785687639559796,10,5.0,10,20
GOLD,GOLD,ANTM.JK,GOLD >= +5% in 10D | Hold 10D | Cooldown 20D,2009-02-25,2009-02-25,965.7000122070312,5.691145814302301,2009-02-26,2009-02-26,2009-03-12,2009-03-12,991.1726684570312,991.1726684570312,898.7752075195312,898.7752075195312,-9.322034785456312,-0.09322034785456312,10,5.0,10,20
GOLD,GOLD,ANTM.JK,GOLD >= +5% in 10D | Hold 10D | Cooldown 20D,2009-05-29,2009-05-29,978.7999877929688,5.474136615621639,2009-06-01,2009-06-01,2009-06-12,2009-06-12,1994.945068359375,1994.945068359375,1952.9461669921875,1952.9461669921875,-2.1052660563594894,-0.021052660563594894,10,5.0,10,20
GOLD,GOLD,ANTM.JK,GOLD >= +5% in 10D | Hold 10D | Cooldown 20D,2009-09-03,2009-09-03,995.7999877929688,5.90237166016212,2009-09-04,2009-09-04,2009-09-17,2009-09-17,1952.9461669921875,1952.9461669921875,2162.9404296875,2162.9404296875,10.752690793250764,0.10752690793250763,10,5.0,10,20
GOLD,GOLD,ANTM.JK,GOLD >= +5% in 10D | Hold 10D | Cooldown 20D,2009-10-08,2009-10-08,1055.4000244140625,5.80451372572055,2009-10-09,2009-10-09,2009-10-22,2009-10-22,2204.939208984375,2204.939208984375,2141.94091796875,2141.94091796875,-2.8571441225648475,-0.028571441225648475,10,5.0,10,20
GOLD,GOLD,ANTM.JK,GOLD >= +5% in 10D | Hold 10D | Cooldown 20D,2009-11-09,2009-11-09,1100.800048828125,5.6328638918912155,2009-11-10,2009-11-10,2009-11-23,2009-11-23,1847.9490966796875,1847.9490966796875,2015.9444580078125,2015.9444580078125,9.09090849038925,0.09090908490389249,10,5.0,10,20
GOLD,GOLD,ANTM.JK,GOLD >= +5% in 10D | Hold 10D | Cooldown 20D,2010-02-19,2010-02-19,1121.300048828125,5.544053375426761,2010-02-22,2010-02-22,2010-03-08,2010-03-08,1742.951904296875,1742.951904296875,1805.9501953125,1805.9501953125,3.6144595189526507,0.03614459518952651,10,5.0,10,20
GOLD,GOLD,ANTM.JK,GOLD >= +5% in 10D | Hold 10D | Cooldown 20D,2010-04-08,2010-04-08,1152.199951171875,5.842364230414843,2010-04-09,2010-04-09,2010-04-22,2010-04-22,2036.94384765625,2036.94384765625,2099.942138671875,2099.942138671875,3.0927848643501843,0.030927848643501843,10,5.0,10,20
GOLD,GOLD,ANTM.JK,GOLD >= +5% in 10D | Hold 10D | Cooldown 20D,2010-05-11,2010-05-11,1219.9000244140625,5.009905800846215,2010-05-12,2010-05-12,2010-05-26,2010-05-26,2666.926513671875,2666.926513671875,2666.926513671875,2666.926513671875,0.0,0.0,10,5.0,10,20
GOLD,GOLD,ANTM.JK,GOLD >= +5% in 10D | Hold 10D | Cooldown 20D,2010-10-05,2010-10-05,1338.9000244140625,5.226343816727219,2010-10-06,2010-10-06,2010-10-19,2010-10-19,2666.926513671875,2666.926513671875,2666.926513671875,2666.926513671875,0.0,0.0,10,5.0,10,20
GOLD,GOLD,ANTM.JK,GOLD >= +5% in 10D | Hold 10D | Cooldown 20D,2010-11-05,2010-11-05,1397.300048828125,5.504381083526089,2010-11-08,2010-11-08,2010-11-22,2010-11-22,2666.926513671875,2666.926513671875,2666.926513671875,2666.926513671875,0.0,0.0,10,5.0,10,20
GOLD,GOLD,ANTM.JK,GOLD >= +5% in 10D | Hold 10D | Cooldown 20D,2011-04-28,2011-04-28,1530.800048828125,5.21685498250164,2011-04-29,2011-04-29,2011-05-12,2011-05-12,2666.926513671875,2666.926513671875,2666.926513671875,2666.926513671875,0.0,0.0,10,5.0,10,20
GOLD,GOLD,ANTM.JK,GOLD >= +5% in 10D | Hold 10D | Cooldown 20D,2011-07-13,2011-07-13,1585.199951171875,5.701140413666739,2011-07-14,2011-07-14,2011-07-27,2011-07-27,2666.926513671875,2666.926513671875,2666.926513671875,2666.926513671875,0.0,0.0,10,5.0,10,20
GOLD,GOLD,ANTM.JK,GOLD >= +5% in 10D | Hold 10D | Cooldown 20D,2011-08-11,2011-08-11,1748.800048828125,8.39221658393341,2011-08-12,2011-08-12,2011-08-26,2011-08-26,2666.926513671875,2666.926513671875,2666.926513671875,2666.926513671875,0.0,0.0,10,5.0,10,20
GOLD,GOLD,ANTM.JK,GOLD >= +5% in 10D | Hold 10D | Cooldown 20D,2011-11-02,2011-11-02,1728.699951171875,5.024298370101765,2011-11-03,2011-11-03,2011-11-16,2011-11-16,2666.926513671875,2666.926513671875,2666.926513671875,2666.926513671875,0.0,0.0,10,5.0,10,20
GOLD,GOLD,ANTM.JK,GOLD >= +5% in 10D | Hold 10D | Cooldown 20D,2012-01-12,2012-01-12,1647.300048828125,5.400219022051922,2012-01-13,2012-01-13,2012-01-27,2012-01-27,2666.926513671875,2666.926513671875,2666.926513671875,2666.926513671875,0.0,0.0,10,5.0,10,20
GOLD,GOLD,ANTM.JK,GOLD >= +5% in 10D | Hold 10D | Cooldown 20D,2012-09-13,2012-09-13,1769.0999755859375,6.585126132209829,2012-09-14,2012-09-14,2012-09-27,2012-09-27,2666.926513671875,2666.926513671875,1133.96875,1133.96875,-57.48031510479341,-0.5748031510479341,10,5.0,10,20
GOLD,GOLD,ANTM.JK,GOLD >= +5% in 10D | Hold 10D | Cooldown 20D,2013-04-29,2013-04-29,1467.4000244140625,7.849481900962996,2013-04-30,2013-04-30,2013-05-14,2013-05-14,1159.1680908203125,1159.1680908203125,1133.96875,1133.96875,-2.1739160195894947,-0.021739160195894947,10,5.0,10,20
GOLD,GOLD,ANTM.JK,GOLD >= +5% in 10D | Hold 10D | Cooldown 20D,2013-07-12,2013-07-12,1277.800048828125,5.481263255395685,2013-07-15,2013-07-15,2013-07-26,2013-07-26,1016.3720092773438,1016.3720092773438,1041.5712890625,1041.5712890625,2.4793362622287596,0.024793362622287596,10,5.0,10,20
GOLD,GOLD,ANTM.JK,GOLD >= +5% in 10D | Hold 10D | Cooldown 20D,2013-08-20,2013-08-20,1373.0999755859375,7.0059248624473325,2013-08-21,2013-08-21,2013-09-03,2013-09-03,1091.9698486328125,1091.9698486328125,1150.768310546875,1150.768310546875,5.384623209851491,0.05384623209851491,10,5.0,10,20
GOLD,GOLD,ANTM.JK,GOLD >= +5% in 10D | Hold 10D | Cooldown 20D,2013-10-25,2013-10-25,1352.4000244140625,6.656153344957616,2013-10-28,2013-10-28,2013-11-11,2013-11-11,1318.763671875,1318.763671875,1201.1668701171875,1201.1668701171875,-8.917200577008233,-0.08917200577008233,10,5.0,10,20
GOLD,GOLD,ANTM.JK,GOLD >= +5% in 10D | Hold 10D | Cooldown 20D,2014-02-14,2014-02-14,1319.0,6.362392223802993,2014-02-17,2014-02-17,2014-02-28,2014-02-28,869.3760375976562,869.3760375976562,873.575927734375,873.575927734375,0.48309246575559683,0.004830924657555968,10,5.0,10,20
GOLD,GOLD,ANTM.JK,GOLD >= +5% in 10D | Hold 10D | Cooldown 20D,2014-06-20,2014-06-20,1316.199951171875,5.119397558964178,2014-06-23,2014-06-23,2014-07-04,2014-07-04,940.7740478515625,940.7740478515625,965.973388671875,965.973388671875,2.6785752517153316,0.026785752517153316,10,5.0,10,20
GOLD,GOLD,ANTM.JK,GOLD >= +5% in 10D | Hold 10D | Cooldown 20D,2015-01-15,2015-01-15,1264.699951171875,6.8248944244934995,2015-01-16,2015-01-16,2015-01-29,2015-01-29,886.1755981445312,886.1755981445312,898.7752075195312,898.7752075195312,1.4217960189133017,0.014217960189133017,10,5.0,10,20
GOLD,GOLD,ANTM.JK,GOLD >= +5% in 10D | Hold 10D | Cooldown 20D,2015-08-20,2015-08-20,1153.0,5.760415670595109,2015-08-21,2015-08-21,2015-09-03,2015-09-03,424.1883239746094,424.1883239746094,413.26861572265625,413.26861572265625,-2.574259505692278,-0.02574259505692278,10,5.0,10,20
GOLD,GOLD,ANTM.JK,GOLD >= +5% in 10D | Hold 10D | Cooldown 20D,2015-10-14,2015-10-14,1180.0999755859375,5.791122867408105,2015-10-15,2015-10-15,2015-10-28,2015-10-28,424.1883239746094,424.1883239746094,394.0,394.0,-7.116726762242598,-0.07116726762242598,10,5.0,10,20
GOLD,GOLD,ANTM.JK,GOLD >= +5% in 10D | Hold 10D | Cooldown 20D,2016-02-04,2016-02-04,1157.5999755859375,5.322536739099948,2016-02-05,2016-02-05,2016-02-19,2016-02-19,342.0,342.0,369.0,369.0,7.8947368421052655,0.07894736842105265,10,5.0,10,20
GOLD,GOLD,ANTM.JK,GOLD >= +5% in 10D | Hold 10D | Cooldown 20D,2016-05-06,2016-05-06,1292.9000244140625,5.22504075799437,2016-05-09,2016-05-09,2016-05-20,2016-05-20,740.0,740.0,660.0,660.0,-10.81081081081081,-0.10810810810810811,10,5.0,10,20
GOLD,GOLD,ANTM.JK,GOLD >= +5% in 10D | Hold 10D | Cooldown 20D,2016-06-13,2016-06-13,1284.4000244140625,5.816441979393461,2016-06-14,2016-06-14,2016-06-27,2016-06-27,685.0,685.0,735.0,735.0,7.299270072992692,0.07299270072992692,10,5.0,10,20
GOLD,GOLD,ANTM.JK,GOLD >= +5% in 10D | Hold 10D | Cooldown 20D,2017-01-11,2017-01-11,1195.5999755859375,5.126169370860811,2017-01-12,2017-01-12,2017-01-25,2017-01-25,865.0,865.0,805.0,805.0,-6.936416184971095,-0.06936416184971095,10,5.0,10,20
GOLD,GOLD,ANTM.JK,GOLD >= +5% in 10D | Hold 10D | Cooldown 20D,2019-06-06,2019-06-06,1337.5999755859375,5.025125724469004,2019-06-07,2019-06-07,2019-06-20,2019-06-20,725.0,725.0,805.0,805.0,11.03448275862069,0.1103448275862069,10,5.0,10,20
GOLD,GOLD,ANTM.JK,GOLD >= +5% in 10D | Hold 10D | Cooldown 20D,2019-08-07,2019-08-07,1507.300048828125,5.938993330060516,2019-08-08,2019-08-08,2019-08-21,2019-08-21,1020.0,1020.0,1070.0,1070.0,4.90196078431373,0.0490196078431373,10,5.0,10,20
GOLD,GOLD,ANTM.JK,GOLD >= +5% in 10D | Hold 10D | Cooldown 20D,2020-01-03,2020-01-03,1549.199951171875,5.201682524506279,2020-01-06,2020-01-06,2020-01-17,2020-01-17,885.0,885.0,840.0,840.0,-5.0847457627118615,-0.05084745762711862,10,5.0,10,20
GOLD,GOLD,ANTM.JK,GOLD >= +5% in 10D | Hold 10D | Cooldown 20D,2020-02-21,2020-02-21,1644.5999755859375,5.0795477119752075,2020-02-24,2020-02-24,2020-03-06,2020-03-06,685.0,685.0,610.0,610.0,-10.948905109489049,-0.10948905109489049,10,5.0,10,20
GOLD,GOLD,ANTM.JK,GOLD >= +5% in 10D | Hold 10D | Cooldown 20D,2020-03-27,2020-03-27,1623.9000244140625,7.138620883277835,2020-03-30,2020-03-30,2020-04-13,2020-04-13,432.0,432.0,535.0,535.0,23.84259259259258,0.23842592592592582,10,5.0,10,20
GOLD,GOLD,ANTM.JK,GOLD >= +5% in 10D | Hold 10D | Cooldown 20D,2020-07-24,2020-07-24,1897.300048828125,5.511072202602785,2020-07-27,2020-07-27,2020-08-10,2020-08-10,725.0,725.0,825.0,825.0,13.793103448275868,0.13793103448275867,10,5.0,10,20
GOLD,GOLD,ANTM.JK,GOLD >= +5% in 10D | Hold 10D | Cooldown 20D,2021-05-18,2021-05-18,1867.800048828125,5.180763457052051,2021-05-19,2021-05-19,2021-06-03,2021-06-03,2550.0,2550.0,2520.0,2520.0,-1.17647058823529,-0.0117647058823529,10,5.0,10,20
GOLD,GOLD,ANTM.JK,GOLD >= +5% in 10D | Hold 10D | Cooldown 20D,2021-11-17,2021-11-17,1869.699951171875,6.0161021237645995,2021-11-18,2021-11-18,2021-12-01,2021-12-01,2330.0,2330.0,2270.0,2270.0,-2.5751072961373356,-0.025751072961373356,10,5.0,10,20
GOLD,GOLD,ANTM.JK,GOLD >= +5% in 10D | Hold 10D | Cooldown 20D,2022-02-17,2022-02-17,1900.699951171875,5.418743825395178,2022-02-18,2022-02-18,2022-03-07,2022-03-07,2090.0,2090.0,2820.0,2820.0,34.92822966507176,0.34928229665071764,10,5.0,10,20
GOLD,GOLD,ANTM.JK,GOLD >= +5% in 10D | Hold 10D | Cooldown 20D,2022-11-10,2022-11-10,1750.300048828125,5.395321267578979,2022-11-11,2022-11-11,2022-11-24,2022-11-24,2120.0,2120.0,1970.0,1970.0,-7.075471698113212,-0.07075471698113212,10,5.0,10,20
GOLD,GOLD,ANTM.JK,GOLD >= +5% in 10D | Hold 10D | Cooldown 20D,2023-01-13,2023-01-13,1918.4000244140625,5.435560561366448,2023-01-16,2023-01-16,2023-01-30,2023-01-30,2180.0,2180.0,2290.0,2290.0,5.045871559633031,0.050458715596330306,10,5.0,10,20
GOLD,GOLD,ANTM.JK,GOLD >= +5% in 10D | Hold 10D | Cooldown 20D,2023-03-13,2023-03-13,1911.699951171875,5.2118850397289584,2023-03-14,2023-03-14,2023-03-29,2023-03-29,1815.0,1815.0,2080.0,2080.0,14.600550964187331,0.1460055096418733,10,5.0,10,20
GOLD,GOLD,ANTM.JK,GOLD >= +5% in 10D | Hold 10D | Cooldown 20D,2023-10-17,2023-10-17,1922.699951171875,5.376519615179465,2023-10-18,2023-10-18,2023-10-31,2023-10-31,1850.0,1850.0,1705.0,1705.0,-7.837837837837835,-0.07837837837837835,10,5.0,10,20
GOLD,GOLD,ANTM.JK,GOLD >= +5% in 10D | Hold 10D | Cooldown 20D,2023-12-27,2023-12-27,2081.89990234375,5.263416470097959,2023-12-28,2023-12-28,2024-01-11,2024-01-11,1715.0,1715.0,1635.0,1635.0,-4.664723032069973,-0.04664723032069973,10,5.0,10,20
GOLD,GOLD,ANTM.JK,GOLD >= +5% in 10D | Hold 10D | Cooldown 20D,2024-03-04,2024-03-04,2117.699951171875,5.279639630717137,2024-03-05,2024-03-05,2024-03-20,2024-03-20,1460.0,1460.0,1660.0,1660.0,13.698630136986312,0.13698630136986312,10,5.0,10,20
GOLD,GOLD,ANTM.JK,GOLD >= +5% in 10D | Hold 10D | Cooldown 20D,2024-04-03,2024-04-03,2294.39990234375,6.404482232919184,2024-04-04,2024-04-04,2024-04-25,2024-04-25,1660.0,1660.0,1590.0,1590.0,-4.216867469879515,-0.04216867469879515,10,5.0,10,20
GOLD,GOLD,ANTM.JK,GOLD >= +5% in 10D | Hold 10D | Cooldown 20D,2024-07-11,2024-07-11,2415.0,5.036536677425696,2024-07-12,2024-07-12,2024-07-25,2024-07-25,1360.0,1360.0,1280.0,1280.0,-5.882352941176472,-0.05882352941176472,10,5.0,10,20
GOLD,GOLD,ANTM.JK,GOLD >= +5% in 10D | Hold 10D | Cooldown 20D,2024-08-20,2024-08-20,2511.300048828125,5.1148945702089055,2024-08-21,2024-08-21,2024-09-03,2024-09-03,1470.0,1470.0,1370.0,1370.0,-6.802721088435371,-0.0680272108843537,10,5.0,10,20
GOLD,GOLD,ANTM.JK,GOLD >= +5% in 10D | Hold 10D | Cooldown 20D,2024-09-20,2024-09-20,2619.89990234375,5.0691759512231815,2024-09-23,2024-09-23,2024-10-04,2024-10-04,1395.0,1395.0,1525.0,1525.0,9.31899641577061,0.09318996415770608,10,5.0,10,20
GOLD,GOLD,ANTM.JK,GOLD >= +5% in 10D | Hold 10D | Cooldown 20D,2025-02-10,2025-02-10,2914.300048828125,6.458449272260269,2025-02-11,2025-02-11,2025-02-24,2025-02-24,1400.0,1400.0,1640.0,1640.0,17.14285714285715,0.17142857142857149,10,5.0,10,20
GOLD,GOLD,ANTM.JK,GOLD >= +5% in 10D | Hold 10D | Cooldown 20D,2025-03-14,2025-03-14,2994.5,5.559078837333642,2025-03-17,2025-03-17,2025-04-08,2025-04-08,1655.0,1655.0,1400.0,1400.0,-15.407854984894264,-0.15407854984894265,10,5.0,10,20
GOLD,GOLD,ANTM.JK,GOLD >= +5% in 10D | Hold 10D | Cooldown 20D,2025-04-16,2025-04-16,3326.60009765625,5.946055642510739,2025-04-17,2025-04-17,2025-05-02,2025-05-02,1945.0,1945.0,2290.0,2290.0,17.73778920308484,0.17737789203084842,10,5.0,10,20
GOLD,GOLD,ANTM.JK,GOLD >= +5% in 10D | Hold 10D | Cooldown 20D,2025-06-02,2025-06-02,3370.60009765625,5.9270929495993,2025-06-03,2025-06-03,2025-06-18,2025-06-18,3360.0,3360.0,3550.0,3550.0,5.654761904761907,0.05654761904761907,10,5.0,10,20
GOLD,GOLD,ANTM.JK,GOLD >= +5% in 10D | Hold 10D | Cooldown 20D,2025-09-02,2025-09-02,3549.39990234375,6.5342003890627165,2025-09-03,2025-09-03,2025-09-17,2025-09-17,3480.0,3480.0,3460.0,3460.0,-0.5747126436781658,-0.005747126436781658,10,5.0,10,20
GOLD,GOLD,ANTM.JK,GOLD >= +5% in 10D | Hold 10D | Cooldown 20D,2025-10-01,2025-10-01,3867.5,5.043727217912908,2025-10-02,2025-10-02,2025-10-15,2025-10-15,3110.0,3110.0,3400.0,3400.0,9.324758842443725,0.09324758842443726,10,5.0,10,20
GOLD,GOLD,ANTM.JK,GOLD >= +5% in 10D | Hold 10D | Cooldown 20D,2025-11-12,2025-11-12,4204.39990234375,5.540074651128091,2025-11-13,2025-11-13,2025-11-26,2025-11-26,2890.0,2890.0,3030.0,3030.0,4.844290657439454,0.04844290657439454,10,5.0,10,20
GOLD,GOLD,ANTM.JK,GOLD >= +5% in 10D | Hold 10D | Cooldown 20D,2025-12-22,2025-12-22,4444.60009765625,6.147303456660724,2025-12-23,2025-12-23,2026-01-09,2026-01-09,3190.0,3190.0,3630.0,3630.0,13.793103448275868,0.13793103448275867,10,5.0,10,20
GOLD,GOLD,ANTM.JK,GOLD >= +5% in 10D | Hold 10D | Cooldown 20D,2026-01-23,2026-01-23,4976.2001953125,11.832257835137682,2026-01-26,2026-01-26,2026-02-06,2026-02-06,4760.0,4760.0,3710.0,3710.0,-22.058823529411764,-0.22058823529411764,10,5.0,10,20
GOLD,GOLD,ANTM.JK,GOLD >= +5% in 10D | Hold 10D | Cooldown 20D,2026-02-27,2026-02-27,5230.5,6.231082164173651,2026-03-02,2026-03-02,2026-03-13,2026-03-13,4610.0,4610.0,3810.0,3810.0,-17.353579175704994,-0.17353579175704992,10,5.0,10,20
GOLD,GOLD,ANTM.JK,GOLD >= +5% in 10D | Hold 10D | Cooldown 20D,2026-04-07,2026-04-07,4657.10009765625,5.744646906064643,2026-04-08,2026-04-08,2026-04-21,2026-04-21,3740.0,3740.0,4030.0,4030.0,7.754010695187175,0.07754010695187175,10,5.0,10,20
GOLD,GOLD,BRMS.JK,GOLD >= +5% in 10D | Hold 10D | Cooldown 20D,2011-04-28,2011-04-28,1530.800048828125,5.21685498250164,2011-04-29,2011-04-29,2011-05-12,2011-05-12,610.5449829101562,610.5449829101562,601.8229370117188,601.8229370117188,-1.4285672870267385,-0.014285672870267385,10,5.0,10,20
GOLD,GOLD,BRMS.JK,GOLD >= +5% in 10D | Hold 10D | Cooldown 20D,2011-07-13,2011-07-13,1585.199951171875,5.701140413666739,2011-07-14,2011-07-14,2011-07-27,2011-07-27,619.26708984375,619.26708984375,662.87744140625,662.87744140625,7.042252410588068,0.07042252410588068,10,5.0,10,20
GOLD,GOLD,BRMS.JK,GOLD >= +5% in 10D | Hold 10D | Cooldown 20D,2011-08-11,2011-08-11,1748.800048828125,8.39221658393341,2011-08-12,2011-08-12,2011-08-26,2011-08-26,610.5449829101562,610.5449829101562,558.2125854492188,558.2125854492188,-8.571423715824455,-0.08571423715824456,10,5.0,10,20
GOLD,GOLD,BRMS.JK,GOLD >= +5% in 10D | Hold 10D | Cooldown 20D,2011-11-02,2011-11-02,1728.699951171875,5.024298370101765,2011-11-03,2011-11-03,2011-11-16,2011-11-16,470.9918518066406,470.9918518066406,523.3242797851562,523.3242797851562,11.111111111111116,0.11111111111111116,10,5.0,10,20
GOLD,GOLD,BRMS.JK,GOLD >= +5% in 10D | Hold 10D | Cooldown 20D,2012-01-12,2012-01-12,1647.300048828125,5.400219022051922,2012-01-13,2012-01-13,2012-01-27,2012-01-27,514.6022338867188,514.6022338867188,497.1580505371094,497.1580505371094,-3.389838248049548,-0.03389838248049548,10,5.0,10,20
GOLD,GOLD,BRMS.JK,GOLD >= +5% in 10D | Hold 10D | Cooldown 20D,2012-09-13,2012-09-13,1769.0999755859375,6.585126132209829,2012-09-14,2012-09-14,2012-09-27,2012-09-27,523.3242797851562,523.3242797851562,479.71392822265625,479.71392822265625,-8.333332361419131,-0.08333332361419132,10,5.0,10,20
GOLD,GOLD,BRMS.JK,GOLD >= +5% in 10D | Hold 10D | Cooldown 20D,2013-04-29,2013-04-29,1467.4000244140625,7.849481900962996,2013-04-30,2013-04-30,2013-05-14,2013-05-14,292.18939208984375,292.18939208984375,296.5504150390625,296.5504150390625,1.4925329485875993,0.014925329485875993,10,5.0,10,20
GOLD,GOLD,BRMS.JK,GOLD >= +5% in 10D | Hold 10D | Cooldown 20D,2013-07-12,2013-07-12,1277.800048828125,5.481263255395685,2013-07-15,2013-07-15,2013-07-26,2013-07-26,257.3011169433594,257.3011169433594,200.60763549804688,200.60763549804688,-22.033904134894467,-0.22033904134894466,10,5.0,10,20
GOLD,GOLD,BRMS.JK,GOLD >= +5% in 10D | Hold 10D | Cooldown 20D,2013-08-20,2013-08-20,1373.0999755859375,7.0059248624473325,2013-08-21,2013-08-21,2013-09-03,2013-09-03,91.58174896240234,91.58174896240234,116.8757553100586,116.8757553100586,27.619047063668066,0.2761904706366807,10,5.0,10,20
GOLD,GOLD,BRMS.JK,GOLD >= +5% in 10D | Hold 10D | Cooldown 20D,2013-10-25,2013-10-25,1352.4000244140625,6.656153344957616,2013-10-28,2013-10-28,2013-11-11,2013-11-11,209.3297119140625,209.3297119140625,209.3297119140625,209.3297119140625,0.0,0.0,10,5.0,10,20
GOLD,GOLD,BRMS.JK,GOLD >= +5% in 10D | Hold 10D | Cooldown 20D,2014-02-14,2014-02-14,1319.0,6.362392223802993,2014-02-17,2014-02-17,2014-02-28,2014-02-28,197.9910125732422,197.9910125732422,202.35205078125,202.35205078125,2.2026445298341857,0.022026445298341857,10,5.0,10,20
GOLD,GOLD,BRMS.JK,GOLD >= +5% in 10D | Hold 10D | Cooldown 20D,2014-06-20,2014-06-20,1316.199951171875,5.119397558964178,2014-06-23,2014-06-23,2014-07-04,2014-07-04,204.09646606445312,204.09646606445312,233.7515106201172,233.7515106201172,14.52991574400857,0.1452991574400857,10,5.0,10,20
GOLD,GOLD,BRMS.JK,GOLD >= +5% in 10D | Hold 10D | Cooldown 20D,2015-01-15,2015-01-15,1264.699951171875,6.8248944244934995,2015-01-16,2015-01-16,2015-01-29,2015-01-29,233.7515106201172,233.7515106201172,235.4959259033203,235.4959259033203,0.7462690951495432,0.007462690951495432,10,5.0,10,20
GOLD,GOLD,BRMS.JK,GOLD >= +5% in 10D | Hold 10D | Cooldown 20D,2015-08-20,2015-08-20,1153.0,5.760415670595109,2015-08-21,2015-08-21,2015-09-03,2015-09-03,43.610355377197266,43.610355377197266,43.610355377197266,43.610355377197266,0.0,0.0,10,5.0,10,20
GOLD,GOLD,BRMS.JK,GOLD >= +5% in 10D | Hold 10D | Cooldown 20D,2015-10-14,2015-10-14,1180.0999755859375,5.791122867408105,2015-10-15,2015-10-15,2015-10-28,2015-10-28,43.610355377197266,43.610355377197266,43.610355377197266,43.610355377197266,0.0,0.0,10,5.0,10,20
GOLD,GOLD,BRMS.JK,GOLD >= +5% in 10D | Hold 10D | Cooldown 20D,2016-02-04,2016-02-04,1157.5999755859375,5.322536739099948,2016-02-05,2016-02-05,2016-02-19,2016-02-19,43.610355377197266,43.610355377197266,43.610355377197266,43.610355377197266,0.0,0.0,10,5.0,10,20
GOLD,GOLD,BRMS.JK,GOLD >= +5% in 10D | Hold 10D | Cooldown 20D,2016-05-06,2016-05-06,1292.9000244140625,5.22504075799437,2016-05-09,2016-05-09,2016-05-20,2016-05-20,43.610355377197266,43.610355377197266,43.610355377197266,43.610355377197266,0.0,0.0,10,5.0,10,20
GOLD,GOLD,BRMS.JK,GOLD >= +5% in 10D | Hold 10D | Cooldown 20D,2016-06-13,2016-06-13,1284.4000244140625,5.816441979393461,2016-06-14,2016-06-14,2016-06-27,2016-06-27,44.48256301879883,44.48256301879883,44.48256301879883,44.48256301879883,0.0,0.0,10,5.0,10,20
GOLD,GOLD,BRMS.JK,GOLD >= +5% in 10D | Hold 10D | Cooldown 20D,2017-01-11,2017-01-11,1195.5999755859375,5.126169370860811,2017-01-12,2017-01-12,2017-01-25,2017-01-25,65.41553497314453,65.41553497314453,88.0929183959961,88.0929183959961,34.6666635565412,0.346666635565412,10,5.0,10,20
GOLD,GOLD,BRMS.JK,GOLD >= +5% in 10D | Hold 10D | Cooldown 20D,2019-06-06,2019-06-06,1337.5999755859375,5.025125724469004,2019-06-07,2019-06-07,2019-06-20,2019-06-20,43.610355377197266,43.610355377197266,43.610355377197266,43.610355377197266,0.0,0.0,10,5.0,10,20
GOLD,GOLD,BRMS.JK,GOLD >= +5% in 10D | Hold 10D | Cooldown 20D,2019-08-07,2019-08-07,1507.300048828125,5.938993330060516,2019-08-08,2019-08-08,2019-08-21,2019-08-21,43.610355377197266,43.610355377197266,43.610355377197266,43.610355377197266,0.0,0.0,10,5.0,10,20
GOLD,GOLD,BRMS.JK,GOLD >= +5% in 10D | Hold 10D | Cooldown 20D,2020-01-03,2020-01-03,1549.199951171875,5.201682524506279,2020-01-06,2020-01-06,2020-01-17,2020-01-17,45.35477066040039,45.35477066040039,45.35477066040039,45.35477066040039,0.0,0.0,10,5.0,10,20
GOLD,GOLD,BRMS.JK,GOLD >= +5% in 10D | Hold 10D | Cooldown 20D,2020-02-21,2020-02-21,1644.5999755859375,5.0795477119752075,2020-02-24,2020-02-24,2020-03-06,2020-03-06,43.610355377197266,43.610355377197266,43.610355377197266,43.610355377197266,0.0,0.0,10,5.0,10,20
GOLD,GOLD,BRMS.JK,GOLD >= +5% in 10D | Hold 10D | Cooldown 20D,2020-03-27,2020-03-27,1623.9000244140625,7.138620883277835,2020-03-30,2020-03-30,2020-04-13,2020-04-13,43.610355377197266,43.610355377197266,43.610355377197266,43.610355377197266,0.0,0.0,10,5.0,10,20
GOLD,GOLD,BRMS.JK,GOLD >= +5% in 10D | Hold 10D | Cooldown 20D,2020-07-24,2020-07-24,1897.300048828125,5.511072202602785,2020-07-27,2020-07-27,2020-08-10,2020-08-10,43.610355377197266,43.610355377197266,43.610355377197266,43.610355377197266,0.0,0.0,10,5.0,10,20
GOLD,GOLD,BRMS.JK,GOLD >= +5% in 10D | Hold 10D | Cooldown 20D,2021-05-18,2021-05-18,1867.800048828125,5.180763457052051,2021-05-19,2021-05-19,2021-06-03,2021-06-03,94.67481994628906,94.67481994628906,86.32115936279297,86.32115936279297,-8.823529411764708,-0.08823529411764708,10,5.0,10,20
GOLD,GOLD,BRMS.JK,GOLD >= +5% in 10D | Hold 10D | Cooldown 20D,2021-11-17,2021-11-17,1869.699951171875,6.0161021237645995,2021-11-18,2021-11-18,2021-12-01,2021-12-01,101.17211151123047,101.17211151123047,104.88484954833984,104.88484954833984,3.669724770642202,0.03669724770642202,10,5.0,10,20
GOLD,GOLD,BRMS.JK,GOLD >= +5% in 10D | Hold 10D | Cooldown 20D,2022-02-17,2022-02-17,1900.699951171875,5.418743825395178,2022-02-18,2022-02-18,2022-03-07,2022-03-07,172.0,172.0,186.0,186.0,8.139534883720923,0.08139534883720922,10,5.0,10,20
GOLD,GOLD,BRMS.JK,GOLD >= +5% in 10D | Hold 10D | Cooldown 20D,2022-11-10,2022-11-10,1750.300048828125,5.395321267578979,2022-11-11,2022-11-11,2022-11-24,2022-11-24,187.0,187.0,183.0,183.0,-2.1390374331550777,-0.021390374331550777,10,5.0,10,20
GOLD,GOLD,BRMS.JK,GOLD >= +5% in 10D | Hold 10D | Cooldown 20D,2023-01-13,2023-01-13,1918.4000244140625,5.435560561366448,2023-01-16,2023-01-16,2023-01-30,2023-01-30,187.0,187.0,181.0,181.0,-3.208556149732622,-0.03208556149732622,10,5.0,10,20
GOLD,GOLD,BRMS.JK,GOLD >= +5% in 10D | Hold 10D | Cooldown 20D,2023-03-13,2023-03-13,1911.699951171875,5.2118850397289584,2023-03-14,2023-03-14,2023-03-29,2023-03-29,154.0,154.0,170.0,170.0,10.389610389610393,0.10389610389610393,10,5.0,10,20
GOLD,GOLD,BRMS.JK,GOLD >= +5% in 10D | Hold 10D | Cooldown 20D,2023-10-17,2023-10-17,1922.699951171875,5.376519615179465,2023-10-18,2023-10-18,2023-10-31,2023-10-31,199.0,199.0,194.0,194.0,-2.5125628140703515,-0.025125628140703515,10,5.0,10,20
GOLD,GOLD,BRMS.JK,GOLD >= +5% in 10D | Hold 10D | Cooldown 20D,2023-12-27,2023-12-27,2081.89990234375,5.263416470097959,2023-12-28,2023-12-28,2024-01-11,2024-01-11,173.0,173.0,172.0,172.0,-0.5780346820809301,-0.005780346820809301,10,5.0,10,20
GOLD,GOLD,BRMS.JK,GOLD >= +5% in 10D | Hold 10D | Cooldown 20D,2024-03-04,2024-03-04,2117.699951171875,5.279639630717137,2024-03-05,2024-03-05,2024-03-20,2024-03-20,152.0,152.0,152.0,152.0,0.0,0.0,10,5.0,10,20
GOLD,GOLD,BRMS.JK,GOLD >= +5% in 10D | Hold 10D | Cooldown 20D,2024-04-03,2024-04-03,2294.39990234375,6.404482232919184,2024-04-04,2024-04-04,2024-04-25,2024-04-25,162.0,162.0,153.0,153.0,-5.555555555555558,-0.05555555555555558,10,5.0,10,20
GOLD,GOLD,BRMS.JK,GOLD >= +5% in 10D | Hold 10D | Cooldown 20D,2024-07-11,2024-07-11,2415.0,5.036536677425696,2024-07-12,2024-07-12,2024-07-25,2024-07-25,156.0,156.0,152.0,152.0,-2.564102564102566,-0.02564102564102566,10,5.0,10,20
GOLD,GOLD,BRMS.JK,GOLD >= +5% in 10D | Hold 10D | Cooldown 20D,2024-08-20,2024-08-20,2511.300048828125,5.1148945702089055,2024-08-21,2024-08-21,2024-09-03,2024-09-03,161.0,161.0,169.0,169.0,4.968944099378891,0.049689440993788914,10,5.0,10,20
GOLD,GOLD,BRMS.JK,GOLD >= +5% in 10D | Hold 10D | Cooldown 20D,2024-09-20,2024-09-20,2619.89990234375,5.0691759512231815,2024-09-23,2024-09-23,2024-10-04,2024-10-04,196.0,196.0,268.0,268.0,36.73469387755102,0.36734693877551017,10,5.0,10,20
GOLD,GOLD,BRMS.JK,GOLD >= +5% in 10D | Hold 10D | Cooldown 20D,2025-02-10,2025-02-10,2914.300048828125,6.458449272260269,2025-02-11,2025-02-11,2025-02-24,2025-02-24,364.0,364.0,418.0,418.0,14.835164835164827,0.14835164835164827,10,5.0,10,20
GOLD,GOLD,BRMS.JK,GOLD >= +5% in 10D | Hold 10D | Cooldown 20D,2025-03-14,2025-03-14,2994.5,5.559078837333642,2025-03-17,2025-03-17,2025-04-08,2025-04-08,386.0,386.0,284.0,284.0,-26.42487046632125,-0.2642487046632125,10,5.0,10,20
GOLD,GOLD,BRMS.JK,GOLD >= +5% in 10D | Hold 10D | Cooldown 20D,2025-04-16,2025-04-16,3326.60009765625,5.946055642510739,2025-04-17,2025-04-17,2025-05-02,2025-05-02,368.0,368.0,374.0,374.0,1.6304347826086918,0.016304347826086918,10,5.0,10,20
GOLD,GOLD,BRMS.JK,GOLD >= +5% in 10D | Hold 10D | Cooldown 20D,2025-06-02,2025-06-02,3370.60009765625,5.9270929495993,2025-06-03,2025-06-03,2025-06-18,2025-06-18,386.0,386.0,442.0,442.0,14.507772020725396,0.14507772020725396,10,5.0,10,20
GOLD,GOLD,BRMS.JK,GOLD >= +5% in 10D | Hold 10D | Cooldown 20D,2025-09-02,2025-09-02,3549.39990234375,6.5342003890627165,2025-09-03,2025-09-03,2025-09-17,2025-09-17,520.0,520.0,565.0,565.0,8.653846153846146,0.08653846153846145,10,5.0,10,20
GOLD,GOLD,BRMS.JK,GOLD >= +5% in 10D | Hold 10D | Cooldown 20D,2025-10-01,2025-10-01,3867.5,5.043727217912908,2025-10-02,2025-10-02,2025-10-15,2025-10-15,955.0,955.0,1060.0,1060.0,10.994764397905765,0.10994764397905765,10,5.0,10,20
GOLD,GOLD,BRMS.JK,GOLD >= +5% in 10D | Hold 10D | Cooldown 20D,2025-11-12,2025-11-12,4204.39990234375,5.540074651128091,2025-11-13,2025-11-13,2025-11-26,2025-11-26,1005.0,1005.0,990.0,990.0,-1.4925373134328401,-0.014925373134328401,10,5.0,10,20
GOLD,GOLD,BRMS.JK,GOLD >= +5% in 10D | Hold 10D | Cooldown 20D,2025-12-22,2025-12-22,4444.60009765625,6.147303456660724,2025-12-23,2025-12-23,2026-01-09,2026-01-09,1155.0,1155.0,1230.0,1230.0,6.493506493506485,0.06493506493506485,10,5.0,10,20
GOLD,GOLD,BRMS.JK,GOLD >= +5% in 10D | Hold 10D | Cooldown 20D,2026-01-23,2026-01-23,4976.2001953125,11.832257835137682,2026-01-26,2026-01-26,2026-02-06,2026-02-06,1280.0,1280.0,945.0,945.0,-26.171875,-0.26171875,10,5.0,10,20
GOLD,GOLD,BRMS.JK,GOLD >= +5% in 10D | Hold 10D | Cooldown 20D,2026-02-27,2026-02-27,5230.5,6.231082164173651,2026-03-02,2026-03-02,2026-03-13,2026-03-13,1010.0,1010.0,790.0,790.0,-21.78217821782178,-0.2178217821782178,10,5.0,10,20
GOLD,GOLD,BRMS.JK,GOLD >= +5% in 10D | Hold 10D | Cooldown 20D,2026-04-07,2026-04-07,4657.10009765625,5.744646906064643,2026-04-08,2026-04-08,2026-04-21,2026-04-21,865.0,865.0,900.0,900.0,4.046242774566466,0.040462427745664664,10,5.0,10,20
GOLD,GOLD,EMAS.JK,GOLD >= +5% in 10D | Hold 10D | Cooldown 20D,2025-10-01,2025-10-01,3867.5,5.043727217912908,2025-10-02,2025-10-02,2025-10-15,2025-10-15,4660.0,4660.0,4400.0,4400.0,-5.579399141630903,-0.05579399141630903,10,5.0,10,20
GOLD,GOLD,EMAS.JK,GOLD >= +5% in 10D | Hold 10D | Cooldown 20D,2025-11-12,2025-11-12,4204.39990234375,5.540074651128091,2025-11-13,2025-11-13,2025-11-26,2025-11-26,4030.0,4030.0,3700.0,3700.0,-8.188585607940446,-0.08188585607940446,10,5.0,10,20
GOLD,GOLD,EMAS.JK,GOLD >= +5% in 10D | Hold 10D | Cooldown 20D,2025-12-22,2025-12-22,4444.60009765625,6.147303456660724,2025-12-23,2025-12-23,2026-01-09,2026-01-09,5550.0,5550.0,5350.0,5350.0,-3.6036036036036,-0.036036036036036,10,5.0,10,20
GOLD,GOLD,EMAS.JK,GOLD >= +5% in 10D | Hold 10D | Cooldown 20D,2026-01-23,2026-01-23,4976.2001953125,11.832257835137682,2026-01-26,2026-01-26,2026-02-06,2026-02-06,7300.0,7300.0,6500.0,6500.0,-10.95890410958904,-0.1095890410958904,10,5.0,10,20
GOLD,GOLD,EMAS.JK,GOLD >= +5% in 10D | Hold 10D | Cooldown 20D,2026-02-27,2026-02-27,5230.5,6.231082164173651,2026-03-02,2026-03-02,2026-03-13,2026-03-13,8700.0,8700.0,7700.0,7700.0,-11.494252873563216,-0.11494252873563215,10,5.0,10,20
GOLD,GOLD,EMAS.JK,GOLD >= +5% in 10D | Hold 10D | Cooldown 20D,2026-04-07,2026-04-07,4657.10009765625,5.744646906064643,2026-04-08,2026-04-08,2026-04-21,2026-04-21,8200.0,8200.0,9350.0,9350.0,14.02439024390243,0.1402439024390243,10,5.0,10,20
GOLD,GOLD,HRTA.JK,GOLD >= +5% in 10D | Hold 10D | Cooldown 20D,2019-06-06,2019-06-06,1337.5999755859375,5.025125724469004,2019-06-07,2019-06-07,2019-06-21,2019-06-21,248.0,248.0,250.0,250.0,0.8064516129032251,0.008064516129032251,10,5.0,10,20
GOLD,GOLD,HRTA.JK,GOLD >= +5% in 10D | Hold 10D | Cooldown 20D,2019-08-07,2019-08-07,1507.300048828125,5.938993330060516,2019-08-08,2019-08-08,2019-08-21,2019-08-21,310.0,310.0,292.0,292.0,-5.8064516129032295,-0.058064516129032295,10,5.0,10,20
GOLD,GOLD,HRTA.JK,GOLD >= +5% in 10D | Hold 10D | Cooldown 20D,2020-01-03,2020-01-03,1549.199951171875,5.201682524506279,2020-01-06,2020-01-06,2020-01-17,2020-01-17,210.0,210.0,222.0,222.0,5.714285714285716,0.05714285714285716,10,5.0,10,20
GOLD,GOLD,HRTA.JK,GOLD >= +5% in 10D | Hold 10D | Cooldown 20D,2020-02-21,2020-02-21,1644.5999755859375,5.0795477119752075,2020-02-24,2020-02-24,2020-03-06,2020-03-06,256.0,256.0,260.0,260.0,1.5625,0.015625,10,5.0,10,20
GOLD,GOLD,HRTA.JK,GOLD >= +5% in 10D | Hold 10D | Cooldown 20D,2020-03-27,2020-03-27,1623.9000244140625,7.138620883277835,2020-03-30,2020-03-30,2020-04-13,2020-04-13,228.0,228.0,250.0,250.0,9.649122807017552,0.09649122807017552,10,5.0,10,20
GOLD,GOLD,HRTA.JK,GOLD >= +5% in 10D | Hold 10D | Cooldown 20D,2020-07-24,2020-07-24,1897.300048828125,5.511072202602785,2020-07-27,2020-07-27,2020-08-10,2020-08-10,244.0,244.0,252.0,252.0,3.2786885245901676,0.032786885245901676,10,5.0,10,20
GOLD,GOLD,HRTA.JK,GOLD >= +5% in 10D | Hold 10D | Cooldown 20D,2021-05-18,2021-05-18,1867.800048828125,5.180763457052051,2021-05-19,2021-05-19,2021-06-03,2021-06-03,199.0,199.0,236.0,236.0,18.592964824120607,0.18592964824120606,10,5.0,10,20
GOLD,GOLD,HRTA.JK,GOLD >= +5% in 10D | Hold 10D | Cooldown 20D,2021-11-17,2021-11-17,1869.699951171875,6.0161021237645995,2021-11-18,2021-11-18,2021-12-01,2021-12-01,240.0,240.0,218.0,218.0,-9.166666666666668,-0.09166666666666667,10,5.0,10,20
GOLD,GOLD,HRTA.JK,GOLD >= +5% in 10D | Hold 10D | Cooldown 20D,2022-02-17,2022-02-17,1900.699951171875,5.418743825395178,2022-02-18,2022-02-18,2022-03-07,2022-03-07,216.0,216.0,220.0,220.0,1.85185185185186,0.0185185185185186,10,5.0,10,20
GOLD,GOLD,HRTA.JK,GOLD >= +5% in 10D | Hold 10D | Cooldown 20D,2022-11-10,2022-11-10,1750.300048828125,5.395321267578979,2022-11-11,2022-11-11,2022-11-24,2022-11-24,206.0,206.0,204.0,204.0,-0.9708737864077666,-0.009708737864077666,10,5.0,10,20
GOLD,GOLD,HRTA.JK,GOLD >= +5% in 10D | Hold 10D | Cooldown 20D,2023-01-13,2023-01-13,1918.4000244140625,5.435560561366448,2023-01-16,2023-01-16,2023-01-30,2023-01-30,216.0,216.0,212.0,212.0,-1.851851851851849,-0.01851851851851849,10,5.0,10,20
GOLD,GOLD,HRTA.JK,GOLD >= +5% in 10D | Hold 10D | Cooldown 20D,2023-03-13,2023-03-13,1911.699951171875,5.2118850397289584,2023-03-14,2023-03-14,2023-03-29,2023-03-29,304.0,304.0,354.0,354.0,16.447368421052634,0.16447368421052633,10,5.0,10,20
GOLD,GOLD,HRTA.JK,GOLD >= +5% in 10D | Hold 10D | Cooldown 20D,2023-10-17,2023-10-17,1922.699951171875,5.376519615179465,2023-10-18,2023-10-18,2023-10-31,2023-10-31,428.0,428.0,430.0,430.0,0.4672897196261738,0.004672897196261738,10,5.0,10,20
GOLD,GOLD,HRTA.JK,GOLD >= +5% in 10D | Hold 10D | Cooldown 20D,2023-12-27,2023-12-27,2081.89990234375,5.263416470097959,2023-12-28,2023-12-28,2024-01-11,2024-01-11,348.0,348.0,352.0,352.0,1.1494252873563315,0.011494252873563315,10,5.0,10,20
GOLD,GOLD,HRTA.JK,GOLD >= +5% in 10D | Hold 10D | Cooldown 20D,2024-03-04,2024-03-04,2117.699951171875,5.279639630717137,2024-03-05,2024-03-05,2024-03-20,2024-03-20,360.0,360.0,386.0,386.0,7.222222222222219,0.07222222222222219,10,5.0,10,20
GOLD,GOLD,HRTA.JK,GOLD >= +5% in 10D | Hold 10D | Cooldown 20D,2024-04-03,2024-04-03,2294.39990234375,6.404482232919184,2024-04-04,2024-04-04,2024-04-25,2024-04-25,406.0,406.0,400.0,400.0,-1.4778325123152691,-0.014778325123152691,10,5.0,10,20
GOLD,GOLD,HRTA.JK,GOLD >= +5% in 10D | Hold 10D | Cooldown 20D,2024-07-11,2024-07-11,2415.0,5.036536677425696,2024-07-12,2024-07-12,2024-07-25,2024-07-25,384.0,384.0,400.0,400.0,4.166666666666674,0.04166666666666674,10,5.0,10,20
GOLD,GOLD,HRTA.JK,GOLD >= +5% in 10D | Hold 10D | Cooldown 20D,2024-08-20,2024-08-20,2511.300048828125,5.1148945702089055,2024-08-21,2024-08-21,2024-09-03,2024-09-03,398.0,398.0,386.0,386.0,-3.015075376884424,-0.03015075376884424,10,5.0,10,20
GOLD,GOLD,HRTA.JK,GOLD >= +5% in 10D | Hold 10D | Cooldown 20D,2024-09-20,2024-09-20,2619.89990234375,5.0691759512231815,2024-09-23,2024-09-23,2024-10-04,2024-10-04,394.0,394.0,464.0,464.0,17.76649746192893,0.17766497461928932,10,5.0,10,20
GOLD,GOLD,HRTA.JK,GOLD >= +5% in 10D | Hold 10D | Cooldown 20D,2025-02-10,2025-02-10,2914.300048828125,6.458449272260269,2025-02-11,2025-02-11,2025-02-24,2025-02-24,466.0,466.0,535.0,535.0,14.806866952789699,0.148068669527897,10,5.0,10,20
GOLD,GOLD,HRTA.JK,GOLD >= +5% in 10D | Hold 10D | Cooldown 20D,2025-03-14,2025-03-14,2994.5,5.559078837333642,2025-03-17,2025-03-17,2025-04-08,2025-04-08,515.0,515.0,478.0,478.0,-7.18446601941748,-0.07184466019417479,10,5.0,10,20
GOLD,GOLD,HRTA.JK,GOLD >= +5% in 10D | Hold 10D | Cooldown 20D,2025-04-16,2025-04-16,3326.60009765625,5.946055642510739,2025-04-17,2025-04-17,2025-05-02,2025-05-02,580.0,580.0,655.0,655.0,12.93103448275863,0.1293103448275863,10,5.0,10,20
GOLD,GOLD,HRTA.JK,GOLD >= +5% in 10D | Hold 10D | Cooldown 20D,2025-06-02,2025-06-02,3370.60009765625,5.9270929495993,2025-06-03,2025-06-03,2025-06-18,2025-06-18,625.0,625.0,665.0,665.0,6.400000000000006,0.06400000000000006,10,5.0,10,20
GOLD,GOLD,HRTA.JK,GOLD >= +5% in 10D | Hold 10D | Cooldown 20D,2025-09-02,2025-09-02,3549.39990234375,6.5342003890627165,2025-09-03,2025-09-03,2025-09-17,2025-09-17,910.0,910.0,860.0,860.0,-5.494505494505497,-0.05494505494505497,10,5.0,10,20
GOLD,GOLD,HRTA.JK,GOLD >= +5% in 10D | Hold 10D | Cooldown 20D,2025-10-01,2025-10-01,3867.5,5.043727217912908,2025-10-02,2025-10-02,2025-10-15,2025-10-15,955.0,955.0,1430.0,1430.0,49.73821989528795,0.4973821989528795,10,5.0,10,20
GOLD,GOLD,HRTA.JK,GOLD >= +5% in 10D | Hold 10D | Cooldown 20D,2025-11-12,2025-11-12,4204.39990234375,5.540074651128091,2025-11-13,2025-11-13,2025-11-26,2025-11-26,1425.0,1425.0,1515.0,1515.0,6.315789473684208,0.06315789473684208,10,5.0,10,20
GOLD,GOLD,HRTA.JK,GOLD >= +5% in 10D | Hold 10D | Cooldown 20D,2025-12-22,2025-12-22,4444.60009765625,6.147303456660724,2025-12-23,2025-12-23,2026-01-09,2026-01-09,1925.0,1925.0,2380.0,2380.0,23.636363636363633,0.23636363636363633,10,5.0,10,20
GOLD,GOLD,HRTA.JK,GOLD >= +5% in 10D | Hold 10D | Cooldown 20D,2026-01-23,2026-01-23,4976.2001953125,11.832257835137682,2026-01-26,2026-01-26,2026-02-06,2026-02-06,2440.0,2440.0,2260.0,2260.0,-7.377049180327866,-0.07377049180327866,10,5.0,10,20
GOLD,GOLD,HRTA.JK,GOLD >= +5% in 10D | Hold 10D | Cooldown 20D,2026-02-27,2026-02-27,5230.5,6.231082164173651,2026-03-02,2026-03-02,2026-03-13,2026-03-13,3250.0,3250.0,2490.0,2490.0,-23.38461538461538,-0.23384615384615381,10,5.0,10,20
GOLD,GOLD,HRTA.JK,GOLD >= +5% in 10D | Hold 10D | Cooldown 20D,2026-04-07,2026-04-07,4657.10009765625,5.744646906064643,2026-04-08,2026-04-08,2026-04-21,2026-04-21,2570.0,2570.0,2970.0,2970.0,15.56420233463034,0.1556420233463034,10,5.0,10,20
GOLD,GOLD,MDKA.JK,GOLD >= +5% in 10D | Hold 10D | Cooldown 20D,2015-08-20,2015-08-20,1153.0,5.760415670595109,2015-08-21,2015-08-21,2015-09-03,2015-09-03,374.3123474121094,374.3123474121094,355.59674072265625,355.59674072265625,-4.999997146460055,-0.04999997146460056,10,5.0,10,20
GOLD,GOLD,MDKA.JK,GOLD >= +5% in 10D | Hold 10D | Cooldown 20D,2015-10-14,2015-10-14,1180.0999755859375,5.791122867408105,2015-10-15,2015-10-15,2015-10-28,2015-10-28,364.9545593261719,364.9545593261719,374.3123474121094,374.3123474121094,2.56409677501086,0.0256409677501086,10,5.0,10,20
GOLD,GOLD,MDKA.JK,GOLD >= +5% in 10D | Hold 10D | Cooldown 20D,2016-02-04,2016-02-04,1157.5999755859375,5.322536739099948,2016-02-05,2016-02-05,2016-02-19,2016-02-19,355.59674072265625,355.59674072265625,355.59674072265625,355.59674072265625,0.0,0.0,10,5.0,10,20
GOLD,GOLD,MDKA.JK,GOLD >= +5% in 10D | Hold 10D | Cooldown 20D,2016-05-06,2016-05-06,1292.9000244140625,5.22504075799437,2016-05-09,2016-05-09,2016-05-20,2016-05-20,355.59674072265625,355.59674072265625,376.1839294433594,376.1839294433594,5.789476213664146,0.057894762136641464,10,5.0,10,20
GOLD,GOLD,MDKA.JK,GOLD >= +5% in 10D | Hold 10D | Cooldown 20D,2016-06-13,2016-06-13,1284.4000244140625,5.816441979393461,2016-06-14,2016-06-14,2016-06-27,2016-06-27,364.9545593261719,364.9545593261719,374.3123474121094,374.3123474121094,2.56409677501086,0.0256409677501086,10,5.0,10,20
GOLD,GOLD,MDKA.JK,GOLD >= +5% in 10D | Hold 10D | Cooldown 20D,2017-01-11,2017-01-11,1195.5999755859375,5.126169370860811,2017-01-12,2017-01-12,2017-01-25,2017-01-25,372.4407958984375,372.4407958984375,361.21142578125,361.21142578125,-3.0150752121820945,-0.030150752121820945,10,5.0,10,20
GOLD,GOLD,MDKA.JK,GOLD >= +5% in 10D | Hold 10D | Cooldown 20D,2019-06-06,2019-06-06,1337.5999755859375,5.025125724469004,2019-06-07,2019-06-07,2019-06-20,2019-06-20,796.090576171875,796.090576171875,835.1146240234375,835.1146240234375,4.90196078431373,0.0490196078431373,10,5.0,10,20
GOLD,GOLD,MDKA.JK,GOLD >= +5% in 10D | Hold 10D | Cooldown 20D,2019-08-07,2019-08-07,1507.300048828125,5.938993330060516,2019-08-08,2019-08-08,2019-08-21,2019-08-21,1073.1612548828125,1073.1612548828125,1190.2333984375,1190.2333984375,10.909091529536408,0.10909091529536408,10,5.0,10,20
GOLD,GOLD,MDKA.JK,GOLD >= +5% in 10D | Hold 10D | Cooldown 20D,2020-01-03,2020-01-03,1549.199951171875,5.201682524506279,2020-01-06,2020-01-06,2020-01-17,2020-01-17,1156.08740234375,1156.08740234375,1170.721435546875,1170.721435546875,1.2658241213819421,0.012658241213819421,10,5.0,10,20
GOLD,GOLD,MDKA.JK,GOLD >= +5% in 10D | Hold 10D | Cooldown 20D,2020-02-21,2020-02-21,1644.5999755859375,5.0795477119752075,2020-02-24,2020-02-24,2020-03-06,2020-03-06,1326.817626953125,1326.817626953125,1263.403564453125,1263.403564453125,-4.77941061467676,-0.0477941061467676,10,5.0,10,20
GOLD,GOLD,MDKA.JK,GOLD >= +5% in 10D | Hold 10D | Cooldown 20D,2020-03-27,2020-03-27,1623.9000244140625,7.138620883277835,2020-03-30,2020-03-30,2020-04-13,2020-04-13,1009.7472534179688,1009.7472534179688,1229.2574462890625,1229.2574462890625,21.739122550525124,0.21739122550525125,10,5.0,10,20
GOLD,GOLD,MDKA.JK,GOLD >= +5% in 10D | Hold 10D | Cooldown 20D,2020-07-24,2020-07-24,1897.300048828125,5.511072202602785,2020-07-27,2020-07-27,2020-08-10,2020-08-10,1814.6181640625,1814.6181640625,1931.6903076171875,1931.6903076171875,6.451613120227484,0.06451613120227484,10,5.0,10,20
GOLD,GOLD,MDKA.JK,GOLD >= +5% in 10D | Hold 10D | Cooldown 20D,2021-05-18,2021-05-18,1867.800048828125,5.180763457052051,2021-05-19,2021-05-19,2021-06-03,2021-06-03,2565.8310546875,2565.8310546875,2653.63525390625,2653.63525390625,3.422056922194505,0.03422056922194505,10,5.0,10,20
GOLD,GOLD,MDKA.JK,GOLD >= +5% in 10D | Hold 10D | Cooldown 20D,2021-11-17,2021-11-17,1869.699951171875,6.0161021237645995,2021-11-18,2021-11-18,2021-12-01,2021-12-01,3365.82421875,3365.82421875,3619.48046875,3619.48046875,7.536229865688071,0.07536229865688071,10,5.0,10,20
GOLD,GOLD,MDKA.JK,GOLD >= +5% in 10D | Hold 10D | Cooldown 20D,2022-02-17,2022-02-17,1900.699951171875,5.418743825395178,2022-02-18,2022-02-18,2022-03-07,2022-03-07,3756.064697265625,3756.064697265625,4253.62109375,4253.62109375,13.246747236451784,0.13246747236451784,10,5.0,10,20
GOLD,GOLD,MDKA.JK,GOLD >= +5% in 10D | Hold 10D | Cooldown 20D,2022-11-10,2022-11-10,1750.300048828125,5.395321267578979,2022-11-11,2022-11-11,2022-11-24,2022-11-24,4450.0,4450.0,4430.0,4430.0,-0.44943820224718767,-0.004494382022471877,10,5.0,10,20
GOLD,GOLD,MDKA.JK,GOLD >= +5% in 10D | Hold 10D | Cooldown 20D,2023-01-13,2023-01-13,1918.4000244140625,5.435560561366448,2023-01-16,2023-01-16,2023-01-30,2023-01-30,4600.0,4600.0,4670.0,4670.0,1.521739130434785,0.01521739130434785,10,5.0,10,20
GOLD,GOLD,MDKA.JK,GOLD >= +5% in 10D | Hold 10D | Cooldown 20D,2023-03-13,2023-03-13,1911.699951171875,5.2118850397289584,2023-03-14,2023-03-14,2023-03-29,2023-03-29,4000.0,4000.0,4130.0,4130.0,3.2499999999999973,0.03249999999999997,10,5.0,10,20
GOLD,GOLD,MDKA.JK,GOLD >= +5% in 10D | Hold 10D | Cooldown 20D,2023-10-17,2023-10-17,1922.699951171875,5.376519615179465,2023-10-18,2023-10-18,2023-10-31,2023-10-31,2490.0,2490.0,2230.0,2230.0,-10.441767068273089,-0.10441767068273089,10,5.0,10,20
GOLD,GOLD,MDKA.JK,GOLD >= +5% in 10D | Hold 10D | Cooldown 20D,2023-12-27,2023-12-27,2081.89990234375,5.263416470097959,2023-12-28,2023-12-28,2024-01-11,2024-01-11,2690.0,2690.0,2430.0,2430.0,-9.665427509293679,-0.09665427509293678,10,5.0,10,20
GOLD,GOLD,MDKA.JK,GOLD >= +5% in 10D | Hold 10D | Cooldown 20D,2024-03-04,2024-03-04,2117.699951171875,5.279639630717137,2024-03-05,2024-03-05,2024-03-20,2024-03-20,2250.0,2250.0,2260.0,2260.0,0.4444444444444473,0.004444444444444473,10,5.0,10,20
GOLD,GOLD,MDKA.JK,GOLD >= +5% in 10D | Hold 10D | Cooldown 20D,2024-04-03,2024-04-03,2294.39990234375,6.404482232919184,2024-04-04,2024-04-04,2024-04-25,2024-04-25,2680.0,2680.0,2520.0,2520.0,-5.970149253731338,-0.05970149253731338,10,5.0,10,20
GOLD,GOLD,MDKA.JK,GOLD >= +5% in 10D | Hold 10D | Cooldown 20D,2024-07-11,2024-07-11,2415.0,5.036536677425696,2024-07-12,2024-07-12,2024-07-25,2024-07-25,2400.0,2400.0,2430.0,2430.0,1.2499999999999956,0.012499999999999956,10,5.0,10,20
GOLD,GOLD,MDKA.JK,GOLD >= +5% in 10D | Hold 10D | Cooldown 20D,2024-08-20,2024-08-20,2511.300048828125,5.1148945702089055,2024-08-21,2024-08-21,2024-09-03,2024-09-03,2350.0,2350.0,2360.0,2360.0,0.42553191489360653,0.004255319148936065,10,5.0,10,20
GOLD,GOLD,MDKA.JK,GOLD >= +5% in 10D | Hold 10D | Cooldown 20D,2024-09-20,2024-09-20,2619.89990234375,5.0691759512231815,2024-09-23,2024-09-23,2024-10-04,2024-10-04,2290.0,2290.0,2680.0,2680.0,17.030567685589524,0.17030567685589526,10,5.0,10,20
GOLD,GOLD,MDKA.JK,GOLD >= +5% in 10D | Hold 10D | Cooldown 20D,2025-02-10,2025-02-10,2914.300048828125,6.458449272260269,2025-02-11,2025-02-11,2025-02-24,2025-02-24,1455.0,1455.0,1715.0,1715.0,17.86941580756014,0.1786941580756014,10,5.0,10,20
GOLD,GOLD,MDKA.JK,GOLD >= +5% in 10D | Hold 10D | Cooldown 20D,2025-03-14,2025-03-14,2994.5,5.559078837333642,2025-03-17,2025-03-17,2025-04-08,2025-04-08,1440.0,1440.0,1220.0,1220.0,-15.277777777777779,-0.1527777777777778,10,5.0,10,20
GOLD,GOLD,MDKA.JK,GOLD >= +5% in 10D | Hold 10D | Cooldown 20D,2025-04-16,2025-04-16,3326.60009765625,5.946055642510739,2025-04-17,2025-04-17,2025-05-02,2025-05-02,1645.0,1645.0,1690.0,1690.0,2.735562310030404,0.02735562310030404,10,5.0,10,20
GOLD,GOLD,MDKA.JK,GOLD >= +5% in 10D | Hold 10D | Cooldown 20D,2025-06-02,2025-06-02,3370.60009765625,5.9270929495993,2025-06-03,2025-06-03,2025-06-18,2025-06-18,2070.0,2070.0,2240.0,2240.0,8.212560386473422,0.08212560386473422,10,5.0,10,20
GOLD,GOLD,MDKA.JK,GOLD >= +5% in 10D | Hold 10D | Cooldown 20D,2025-09-02,2025-09-02,3549.39990234375,6.5342003890627165,2025-09-03,2025-09-03,2025-09-17,2025-09-17,2550.0,2550.0,2490.0,2490.0,-2.352941176470591,-0.02352941176470591,10,5.0,10,20
GOLD,GOLD,MDKA.JK,GOLD >= +5% in 10D | Hold 10D | Cooldown 20D,2025-10-01,2025-10-01,3867.5,5.043727217912908,2025-10-02,2025-10-02,2025-10-15,2025-10-15,2120.0,2120.0,2350.0,2350.0,10.849056603773576,0.10849056603773577,10,5.0,10,20
GOLD,GOLD,MDKA.JK,GOLD >= +5% in 10D | Hold 10D | Cooldown 20D,2025-11-12,2025-11-12,4204.39990234375,5.540074651128091,2025-11-13,2025-11-13,2025-11-26,2025-11-26,2460.0,2460.0,2340.0,2340.0,-4.878048780487809,-0.04878048780487809,10,5.0,10,20
GOLD,GOLD,MDKA.JK,GOLD >= +5% in 10D | Hold 10D | Cooldown 20D,2025-12-22,2025-12-22,4444.60009765625,6.147303456660724,2025-12-23,2025-12-23,2026-01-09,2026-01-09,2230.0,2230.0,2700.0,2700.0,21.076233183856495,0.21076233183856496,10,5.0,10,20
GOLD,GOLD,MDKA.JK,GOLD >= +5% in 10D | Hold 10D | Cooldown 20D,2026-01-23,2026-01-23,4976.2001953125,11.832257835137682,2026-01-26,2026-01-26,2026-02-06,2026-02-06,3450.0,3450.0,2850.0,2850.0,-17.391304347826086,-0.17391304347826086,10,5.0,10,20
GOLD,GOLD,MDKA.JK,GOLD >= +5% in 10D | Hold 10D | Cooldown 20D,2026-02-27,2026-02-27,5230.5,6.231082164173651,2026-03-02,2026-03-02,2026-03-13,2026-03-13,3940.0,3940.0,3190.0,3190.0,-19.035532994923855,-0.19035532994923854,10,5.0,10,20
GOLD,GOLD,MDKA.JK,GOLD >= +5% in 10D | Hold 10D | Cooldown 20D,2026-04-07,2026-04-07,4657.10009765625,5.744646906064643,2026-04-08,2026-04-08,2026-04-21,2026-04-21,3300.0,3300.0,3370.0,3370.0,2.1212121212121238,0.021212121212121238,10,5.0,10,20
