driver,ticker,event_date,driver_change_pct,buy_date,sell_date,buy_price,sell_price,capital,shares,return_pct,profit_rp,ending_value
GOLD,ANTM.JK,2012-09-13,6.59,2012-09-13,2012-09-27,1350.0,1350.0,1000000,740.74,0.0,0.0,1000000.0
GOLD,ANTM.JK,2013-04-29,7.85,2013-04-29,2013-05-14,1370.0,1350.0,1000000,729.93,-1.46,-14599.0,985401.0
GOLD,ANTM.JK,2013-07-12,5.48,2013-07-12,2013-07-26,1160.0,1240.0,1000000,862.07,6.9,68966.0,1068966.0
GOLD,ANTM.JK,2013-08-20,7.01,2013-08-20,2013-09-03,1210.0,1370.0,1000000,826.45,13.22,132231.0,1132231.0
GOLD,ANTM.JK,2013-10-25,6.66,2013-10-25,2013-11-11,1600.0,1430.0,1000000,625.0,-10.62,-106250.0,893750.0
GOLD,ANTM.JK,2014-02-14,6.36,2014-02-14,2014-02-28,853.0,874.0,1000000,1172.33,2.46,24619.0,1024619.0
GOLD,ANTM.JK,2014-06-20,5.12,2014-06-20,2014-07-04,945.0,966.0,1000000,1058.2,2.22,22222.0,1022222.0
GOLD,ANTM.JK,2015-01-15,6.82,2015-01-15,2015-01-29,899.0,899.0,1000000,1112.35,-0.0,-0.0,1000000.0
GOLD,ANTM.JK,2015-08-20,5.76,2015-08-20,2015-09-03,445.0,413.0,1000000,2247.19,-7.19,-71910.0,928090.0
GOLD,ANTM.JK,2015-10-14,5.79,2015-10-15,2015-10-29,424.0,377.0,1000000,2358.49,-11.08,-110849.0,889151.0
GOLD,ANTM.JK,2016-02-04,5.32,2016-02-04,2016-02-19,349.0,369.0,1000000,2865.33,5.73,57307.0,1057307.0
GOLD,ANTM.JK,2016-05-06,5.23,2016-05-09,2016-05-23,740.0,650.0,1000000,1351.35,-12.16,-121622.0,878378.0
GOLD,ANTM.JK,2016-06-13,5.82,2016-06-13,2016-06-27,705.0,735.0,1000000,1418.44,4.26,42553.0,1042553.0
GOLD,ANTM.JK,2017-01-11,5.13,2017-01-11,2017-01-25,875.0,805.0,1000000,1142.86,-8.0,-80000.0,920000.0
GOLD,ANTM.JK,2019-06-06,5.03,2019-06-10,2019-06-24,780.0,795.0,1000000,1282.05,1.92,19231.0,1019231.0
GOLD,ANTM.JK,2019-08-07,5.94,2019-08-07,2019-08-21,1005.0,1070.0,1000000,995.02,6.47,64677.0,1064677.0
GOLD,ANTM.JK,2020-01-03,5.2,2020-01-03,2020-01-17,850.0,840.0,1000000,1176.47,-1.18,-11765.0,988235.0
GOLD,ANTM.JK,2020-02-21,5.08,2020-02-21,2020-03-06,700.0,610.0,1000000,1428.57,-12.86,-128571.0,871429.0
GOLD,ANTM.JK,2020-03-27,7.14,2020-03-27,2020-04-13,460.0,535.0,1000000,2173.91,16.3,163043.0,1163043.0
GOLD,ANTM.JK,2020-07-24,5.51,2020-07-24,2020-08-10,685.0,825.0,1000000,1459.85,20.44,204380.0,1204380.0
GOLD,ANTM.JK,2021-05-18,5.18,2021-05-18,2021-06-03,2600.0,2520.0,1000000,384.62,-3.08,-30769.0,969231.0
GOLD,ANTM.JK,2021-11-17,6.02,2021-11-17,2021-12-01,2350.0,2270.0,1000000,425.53,-3.4,-34043.0,965957.0
GOLD,ANTM.JK,2022-02-17,5.42,2022-02-17,2022-03-07,1945.0,2820.0,1000000,514.14,44.99,449871.0,1449871.0
GOLD,ANTM.JK,2022-11-10,5.4,2022-11-10,2022-11-24,2000.0,1970.0,1000000,500.0,-1.5,-15000.0,985000.0
GOLD,ANTM.JK,2023-01-13,5.44,2023-01-13,2023-01-30,2150.0,2290.0,1000000,465.12,6.51,65116.0,1065116.0
GOLD,ANTM.JK,2023-03-13,5.21,2023-03-13,2023-03-29,1850.0,2080.0,1000000,540.54,12.43,124324.0,1124324.0
GOLD,ANTM.JK,2023-10-17,5.38,2023-10-17,2023-10-31,1810.0,1705.0,1000000,552.49,-5.8,-58011.0,941989.0
GOLD,ANTM.JK,2023-12-27,5.26,2023-12-27,2024-01-11,1735.0,1635.0,1000000,576.37,-5.76,-57637.0,942363.0
GOLD,ANTM.JK,2024-03-04,5.28,2024-03-04,2024-03-20,1460.0,1660.0,1000000,684.93,13.7,136986.0,1136986.0
GOLD,ANTM.JK,2024-07-11,5.04,2024-07-11,2024-07-25,1360.0,1280.0,1000000,735.29,-5.88,-58824.0,941176.0
GOLD,ANTM.JK,2024-08-20,5.11,2024-08-20,2024-09-03,1475.0,1370.0,1000000,677.97,-7.12,-71186.0,928814.0
GOLD,ANTM.JK,2024-09-20,5.07,2024-09-20,2024-10-04,1370.0,1525.0,1000000,729.93,11.31,113139.0,1113139.0
GOLD,ANTM.JK,2025-02-10,6.46,2025-02-10,2025-02-24,1385.0,1640.0,1000000,722.02,18.41,184116.0,1184116.0
GOLD,ANTM.JK,2025-03-14,5.56,2025-03-14,2025-04-08,1590.0,1400.0,1000000,628.93,-11.95,-119497.0,880503.0
GOLD,ANTM.JK,2025-04-16,5.95,2025-04-16,2025-05-02,1925.0,2290.0,1000000,519.48,18.96,189610.0,1189610.0
GOLD,ANTM.JK,2025-06-02,5.93,2025-06-02,2025-06-18,3320.0,3550.0,1000000,301.2,6.93,69277.0,1069277.0
GOLD,ANTM.JK,2025-09-02,6.53,2025-09-02,2025-09-17,3470.0,3460.0,1000000,288.18,-0.29,-2882.0,997118.0
GOLD,ANTM.JK,2025-11-12,5.54,2025-11-12,2025-11-26,2880.0,3030.0,1000000,347.22,5.21,52083.0,1052083.0
GOLD,ANTM.JK,2025-12-22,6.15,2025-12-22,2026-01-09,3190.0,3630.0,1000000,313.48,13.79,137931.0,1137931.0
GOLD,ANTM.JK,2026-04-07,5.74,2026-04-07,2026-04-21,3470.0,4030.0,1000000,288.18,16.14,161383.0,1161383.0
GOLD,BRMS.JK,2011-04-28,5.22,2011-04-28,2011-05-12,619.26708984375,601.8229370117188,1000000,1614.81,-2.82,-28169.0,971831.0
GOLD,BRMS.JK,2011-07-13,5.7,2011-07-13,2011-07-27,619.26708984375,662.87744140625,1000000,1614.81,7.04,70423.0,1070423.0
GOLD,BRMS.JK,2011-11-02,5.02,2011-11-02,2011-11-16,462.269775390625,523.3242797851562,1000000,2163.24,13.21,132075.0,1132075.0
GOLD,BRMS.JK,2012-01-12,5.4,2012-01-12,2012-01-27,505.880126953125,497.1580505371094,1000000,1976.75,-1.72,-17241.0,982759.0
GOLD,BRMS.JK,2012-09-13,6.59,2012-09-13,2012-09-27,427.3815002441406,479.71392822265625,1000000,2339.83,12.24,122449.0,1122449.0
GOLD,BRMS.JK,2013-04-29,7.85,2013-04-29,2013-05-14,305.2724914550781,296.5504150390625,1000000,3275.76,-2.86,-28571.0,971429.0
GOLD,BRMS.JK,2013-07-12,5.48,2013-07-12,2013-07-26,257.3011169433594,200.60763549804688,1000000,3886.5,-22.03,-220339.0,779661.0
GOLD,BRMS.JK,2013-08-20,7.01,2013-08-20,2013-09-03,98.55940246582031,116.8757553100586,1000000,10146.17,18.58,185841.0,1185841.0
GOLD,BRMS.JK,2013-10-25,6.66,2013-10-25,2013-11-11,213.6907501220703,209.3297119140625,1000000,4679.66,-2.04,-20408.0,979592.0
GOLD,BRMS.JK,2014-02-14,6.36,2014-02-14,2014-02-28,197.9910125732422,202.35205078125,1000000,5050.73,2.2,22026.0,1022026.0
GOLD,BRMS.JK,2014-06-20,5.12,2014-06-20,2014-07-04,205.84088134765625,233.7515106201172,1000000,4858.12,13.56,135593.0,1135593.0
GOLD,BRMS.JK,2015-01-15,6.82,2015-01-15,2015-01-29,230.26268005371094,235.4959259033203,1000000,4342.87,2.27,22727.0,1022727.0
GOLD,BRMS.JK,2015-08-20,5.76,2015-08-20,2015-09-03,43.610355377197266,43.610355377197266,1000000,22930.33,0.0,0.0,1000000.0
GOLD,BRMS.JK,2015-10-14,5.79,2015-10-15,2015-10-29,43.610355377197266,43.610355377197266,1000000,22930.33,0.0,0.0,1000000.0
GOLD,BRMS.JK,2016-02-04,5.32,2016-02-04,2016-02-19,43.610355377197266,43.610355377197266,1000000,22930.33,0.0,0.0,1000000.0
GOLD,BRMS.JK,2016-05-06,5.23,2016-05-09,2016-05-23,43.610355377197266,43.610355377197266,1000000,22930.33,0.0,0.0,1000000.0
GOLD,BRMS.JK,2016-06-13,5.82,2016-06-13,2016-06-27,44.48256301879883,44.48256301879883,1000000,22480.72,0.0,0.0,1000000.0
GOLD,BRMS.JK,2017-01-11,5.13,2017-01-11,2017-01-25,71.52098083496094,88.0929183959961,1000000,13981.91,23.17,231707.0,1231707.0
GOLD,BRMS.JK,2019-06-06,5.03,2019-06-06,2019-06-20,43.610355377197266,43.610355377197266,1000000,22930.33,0.0,0.0,1000000.0
GOLD,BRMS.JK,2019-08-07,5.94,2019-08-07,2019-08-21,43.610355377197266,43.610355377197266,1000000,22930.33,0.0,0.0,1000000.0
GOLD,BRMS.JK,2020-01-03,5.2,2020-01-03,2020-01-17,46.22697830200195,45.35477066040039,1000000,21632.39,-1.89,-18868.0,981132.0
GOLD,BRMS.JK,2020-02-21,5.08,2020-02-21,2020-03-06,43.610355377197266,43.610355377197266,1000000,22930.33,0.0,0.0,1000000.0
GOLD,BRMS.JK,2020-03-27,7.14,2020-03-27,2020-04-13,43.610355377197266,43.610355377197266,1000000,22930.33,0.0,0.0,1000000.0
GOLD,BRMS.JK,2020-07-24,5.51,2020-07-24,2020-08-10,43.610355377197266,43.610355377197266,1000000,22930.33,0.0,0.0,1000000.0
GOLD,BRMS.JK,2021-05-18,5.18,2021-05-18,2021-06-03,94.67481994628906,86.32115936279297,1000000,10562.47,-8.82,-88235.0,911765.0
GOLD,BRMS.JK,2021-11-17,6.02,2021-11-17,2021-12-01,96.53118896484375,104.88484954833984,1000000,10359.35,8.65,86538.0,1086538.0
GOLD,BRMS.JK,2022-02-17,5.42,2022-02-17,2022-03-07,172.0,186.0,1000000,5813.95,8.14,81395.0,1081395.0
GOLD,BRMS.JK,2022-11-10,5.4,2022-11-10,2022-11-24,186.0,183.0,1000000,5376.34,-1.61,-16129.0,983871.0
GOLD,BRMS.JK,2023-01-13,5.44,2023-01-13,2023-01-30,157.0,181.0,1000000,6369.43,15.29,152866.0,1152866.0
GOLD,BRMS.JK,2023-03-13,5.21,2023-03-13,2023-03-29,158.0,170.0,1000000,6329.11,7.59,75949.0,1075949.0
GOLD,BRMS.JK,2023-10-17,5.38,2023-10-17,2023-10-31,194.0,194.0,1000000,5154.64,0.0,0.0,1000000.0
GOLD,BRMS.JK,2023-12-27,5.26,2023-12-27,2024-01-11,171.0,172.0,1000000,5847.95,0.58,5848.0,1005848.0
GOLD,BRMS.JK,2024-03-04,5.28,2024-03-04,2024-03-20,145.0,152.0,1000000,6896.55,4.83,48276.0,1048276.0
GOLD,BRMS.JK,2024-07-11,5.04,2024-07-11,2024-07-25,155.0,152.0,1000000,6451.61,-1.94,-19355.0,980645.0
GOLD,BRMS.JK,2024-08-20,5.11,2024-08-20,2024-09-03,159.0,169.0,1000000,6289.31,6.29,62893.0,1062893.0
GOLD,BRMS.JK,2024-09-20,5.07,2024-09-20,2024-10-04,175.0,268.0,1000000,5714.29,53.14,531429.0,1531429.0
GOLD,BRMS.JK,2025-02-10,6.46,2025-02-10,2025-02-24,362.0,418.0,1000000,2762.43,15.47,154696.0,1154696.0
GOLD,BRMS.JK,2025-03-14,5.56,2025-03-14,2025-04-08,374.0,284.0,1000000,2673.8,-24.06,-240642.0,759358.0
GOLD,BRMS.JK,2025-04-16,5.95,2025-04-16,2025-05-02,370.0,374.0,1000000,2702.7,1.08,10811.0,1010811.0
GOLD,BRMS.JK,2025-06-02,5.93,2025-06-02,2025-06-18,388.0,442.0,1000000,2577.32,13.92,139175.0,1139175.0
GOLD,BRMS.JK,2025-09-02,6.53,2025-09-02,2025-09-17,525.0,565.0,1000000,1904.76,7.62,76190.0,1076190.0
GOLD,BRMS.JK,2025-11-12,5.54,2025-11-12,2025-11-26,980.0,990.0,1000000,1020.41,1.02,10204.0,1010204.0
GOLD,BRMS.JK,2025-12-22,6.15,2025-12-22,2026-01-09,1165.0,1230.0,1000000,858.37,5.58,55794.0,1055794.0
GOLD,BRMS.JK,2026-04-07,5.74,2026-04-07,2026-04-21,760.0,900.0,1000000,1315.79,18.42,184211.0,1184211.0
GOLD,HRTA.JK,2019-06-06,5.03,2019-06-06,2019-06-21,248.0,250.0,1000000,4032.26,0.81,8065.0,1008065.0
GOLD,HRTA.JK,2019-08-07,5.94,2019-08-07,2019-08-21,332.0,292.0,1000000,3012.05,-12.05,-120482.0,879518.0
GOLD,HRTA.JK,2020-01-03,5.2,2020-01-03,2020-01-17,210.0,222.0,1000000,4761.9,5.71,57143.0,1057143.0
GOLD,HRTA.JK,2020-02-21,5.08,2020-02-21,2020-03-06,254.0,260.0,1000000,3937.01,2.36,23622.0,1023622.0
GOLD,HRTA.JK,2020-03-27,7.14,2020-03-27,2020-04-13,228.0,250.0,1000000,4385.96,9.65,96491.0,1096491.0
GOLD,HRTA.JK,2020-07-24,5.51,2020-07-24,2020-08-10,240.0,252.0,1000000,4166.67,5.0,50000.0,1050000.0
GOLD,HRTA.JK,2021-05-18,5.18,2021-05-18,2021-06-03,199.0,236.0,1000000,5025.13,18.59,185930.0,1185930.0
GOLD,HRTA.JK,2021-11-17,6.02,2021-11-17,2021-12-01,238.0,218.0,1000000,4201.68,-8.4,-84034.0,915966.0
GOLD,HRTA.JK,2022-02-17,5.42,2022-02-17,2022-03-07,216.0,220.0,1000000,4629.63,1.85,18519.0,1018519.0
GOLD,HRTA.JK,2022-11-10,5.4,2022-11-10,2022-11-24,204.0,204.0,1000000,4901.96,0.0,0.0,1000000.0
GOLD,HRTA.JK,2023-01-13,5.44,2023-01-13,2023-01-30,206.0,212.0,1000000,4854.37,2.91,29126.0,1029126.0
GOLD,HRTA.JK,2023-03-13,5.21,2023-03-13,2023-03-29,310.0,354.0,1000000,3225.81,14.19,141935.0,1141935.0
GOLD,HRTA.JK,2023-10-17,5.38,2023-10-17,2023-10-31,432.0,430.0,1000000,2314.81,-0.46,-4630.0,995370.0
GOLD,HRTA.JK,2023-12-27,5.26,2023-12-27,2024-01-11,348.0,352.0,1000000,2873.56,1.15,11494.0,1011494.0
GOLD,HRTA.JK,2024-03-04,5.28,2024-03-04,2024-03-20,358.0,386.0,1000000,2793.3,7.82,78212.0,1078212.0
GOLD,HRTA.JK,2024-07-11,5.04,2024-07-11,2024-07-25,384.0,400.0,1000000,2604.17,4.17,41667.0,1041667.0
GOLD,HRTA.JK,2024-08-20,5.11,2024-08-20,2024-09-03,406.0,386.0,1000000,2463.05,-4.93,-49261.0,950739.0
GOLD,HRTA.JK,2024-09-20,5.07,2024-09-20,2024-10-04,390.0,464.0,1000000,2564.1,18.97,189744.0,1189744.0
GOLD,HRTA.JK,2025-02-10,6.46,2025-02-10,2025-02-24,448.0,535.0,1000000,2232.14,19.42,194196.0,1194196.0
GOLD,HRTA.JK,2025-03-14,5.56,2025-03-14,2025-04-08,530.0,478.0,1000000,1886.79,-9.81,-98113.0,901887.0
GOLD,HRTA.JK,2025-04-16,5.95,2025-04-16,2025-05-02,600.0,655.0,1000000,1666.67,9.17,91667.0,1091667.0
GOLD,HRTA.JK,2025-06-02,5.93,2025-06-02,2025-06-18,640.0,665.0,1000000,1562.5,3.91,39062.0,1039062.0
GOLD,HRTA.JK,2025-09-02,6.53,2025-09-02,2025-09-17,730.0,860.0,1000000,1369.86,17.81,178082.0,1178082.0
GOLD,HRTA.JK,2025-11-12,5.54,2025-11-12,2025-11-26,1385.0,1515.0,1000000,722.02,9.39,93863.0,1093863.0
GOLD,HRTA.JK,2025-12-22,6.15,2025-12-22,2026-01-09,1875.0,2380.0,1000000,533.33,26.93,269333.0,1269333.0
GOLD,HRTA.JK,2026-04-07,5.74,2026-04-07,2026-04-21,2420.0,2970.0,1000000,413.22,22.73,227273.0,1227273.0
GOLD,MDKA.JK,2015-08-20,5.76,2015-08-20,2015-09-03,374.3123474121094,355.59674072265625,1000000,2671.57,-5.0,-50000.0,950000.0
GOLD,MDKA.JK,2015-10-14,5.79,2015-10-15,2015-10-29,364.9545593261719,374.3123474121094,1000000,2740.07,2.56,25641.0,1025641.0
GOLD,MDKA.JK,2016-02-04,5.32,2016-02-04,2016-02-19,355.59674072265625,355.59674072265625,1000000,2812.17,0.0,0.0,1000000.0
GOLD,MDKA.JK,2016-05-06,5.23,2016-05-09,2016-05-23,355.59674072265625,376.1839294433594,1000000,2812.17,5.79,57895.0,1057895.0
GOLD,MDKA.JK,2016-06-13,5.82,2016-06-13,2016-06-27,357.4682922363281,374.3123474121094,1000000,2797.45,4.71,47120.0,1047120.0
GOLD,MDKA.JK,2017-01-11,5.13,2017-01-11,2017-01-25,372.4407958984375,361.21142578125,1000000,2684.99,-3.02,-30151.0,969849.0
GOLD,MDKA.JK,2019-06-06,5.03,2019-06-06,2019-06-20,796.090576171875,835.1146240234375,1000000,1256.14,4.9,49020.0,1049020.0
GOLD,MDKA.JK,2019-08-07,5.94,2019-08-07,2019-08-21,1063.4052734375,1190.2333984375,1000000,940.38,11.93,119266.0,1119266.0
GOLD,MDKA.JK,2020-01-03,5.2,2020-01-03,2020-01-17,1141.453369140625,1170.721435546875,1000000,876.08,2.56,25641.0,1025641.0
GOLD,MDKA.JK,2020-02-21,5.08,2020-02-21,2020-03-06,1307.3055419921875,1263.403564453125,1000000,764.93,-3.36,-33582.0,966418.0
GOLD,MDKA.JK,2020-03-27,7.14,2020-03-27,2020-04-13,1048.771240234375,1229.2574462890625,1000000,953.5,17.21,172093.0,1172093.0
GOLD,MDKA.JK,2020-07-24,5.51,2020-07-24,2020-08-10,1673.156005859375,1931.6903076171875,1000000,597.67,15.45,154519.0,1154519.0
GOLD,MDKA.JK,2021-05-18,5.18,2021-05-18,2021-06-03,2565.8310546875,2653.63525390625,1000000,389.74,3.42,34221.0,1034221.0
GOLD,MDKA.JK,2021-11-17,6.02,2021-11-17,2021-12-01,3395.092041015625,3619.48046875,1000000,294.54,6.61,66092.0,1066092.0
GOLD,MDKA.JK,2022-02-17,5.42,2022-02-17,2022-03-07,3765.820556640625,4253.62109375,1000000,265.55,12.95,129534.0,1129534.0
GOLD,MDKA.JK,2022-11-10,5.4,2022-11-10,2022-11-24,4100.0,4430.0,1000000,243.9,8.05,80488.0,1080488.0
GOLD,MDKA.JK,2023-01-13,5.44,2023-01-13,2023-01-30,4500.0,4670.0,1000000,222.22,3.78,37778.0,1037778.0
GOLD,MDKA.JK,2023-03-13,5.21,2023-03-13,2023-03-29,4020.0,4130.0,1000000,248.76,2.74,27363.0,1027363.0
GOLD,MDKA.JK,2023-10-17,5.38,2023-10-17,2023-10-31,2580.0,2230.0,1000000,387.6,-13.57,-135659.0,864341.0
GOLD,MDKA.JK,2023-12-27,5.26,2023-12-27,2024-01-11,2680.0,2430.0,1000000,373.13,-9.33,-93284.0,906716.0
GOLD,MDKA.JK,2024-03-04,5.28,2024-03-04,2024-03-20,2280.0,2260.0,1000000,438.6,-0.88,-8772.0,991228.0
GOLD,MDKA.JK,2024-07-11,5.04,2024-07-11,2024-07-25,2400.0,2430.0,1000000,416.67,1.25,12500.0,1012500.0
GOLD,MDKA.JK,2024-08-20,5.11,2024-08-20,2024-09-03,2340.0,2360.0,1000000,427.35,0.85,8547.0,1008547.0
GOLD,MDKA.JK,2024-09-20,5.07,2024-09-20,2024-10-04,2260.0,2680.0,1000000,442.48,18.58,185841.0,1185841.0
GOLD,MDKA.JK,2025-02-10,6.46,2025-02-10,2025-02-24,1490.0,1715.0,1000000,671.14,15.1,151007.0,1151007.0
GOLD,MDKA.JK,2025-03-14,5.56,2025-03-14,2025-04-08,1340.0,1220.0,1000000,746.27,-8.96,-89552.0,910448.0
GOLD,MDKA.JK,2025-04-16,5.95,2025-04-16,2025-05-02,1415.0,1690.0,1000000,706.71,19.43,194346.0,1194346.0
GOLD,MDKA.JK,2025-06-02,5.93,2025-06-02,2025-06-18,2120.0,2240.0,1000000,471.7,5.66,56604.0,1056604.0
GOLD,MDKA.JK,2025-09-02,6.53,2025-09-02,2025-09-17,2570.0,2490.0,1000000,389.11,-3.11,-31128.0,968872.0
GOLD,MDKA.JK,2025-11-12,5.54,2025-11-12,2025-11-26,2420.0,2340.0,1000000,413.22,-3.31,-33058.0,966942.0
GOLD,MDKA.JK,2025-12-22,6.15,2025-12-22,2026-01-09,2260.0,2700.0,1000000,442.48,19.47,194690.0,1194690.0
GOLD,MDKA.JK,2026-04-07,5.74,2026-04-07,2026-04-21,3160.0,3370.0,1000000,316.46,6.65,66456.0,1066456.0
GOLD,PSAB.JK,2003-05-01,5.0,2003-05-01,2003-05-15,9.428570747375488,8.857142448425293,1000000,106060.61,-6.06,-60606.0,939394.0
GOLD,PSAB.JK,2003-07-24,5.2,2003-07-24,2003-08-07,8.857142448425293,8.857142448425293,1000000,112903.23,0.0,0.0,1000000.0
GOLD,PSAB.JK,2003-09-09,5.65,2003-09-09,2003-09-23,8.857142448425293,8.857142448425293,1000000,112903.23,0.0,0.0,1000000.0
GOLD,PSAB.JK,2004-03-26,6.78,2004-03-26,2004-04-09,8.857142448425293,8.857142448425293,1000000,112903.23,0.0,0.0,1000000.0
GOLD,PSAB.JK,2004-05-27,5.36,2004-05-27,2004-06-10,8.857142448425293,8.857142448425293,1000000,112903.23,0.0,0.0,1000000.0
GOLD,PSAB.JK,2005-02-22,5.05,2005-02-22,2005-03-08,8.857142448425293,8.857142448425293,1000000,112903.23,0.0,0.0,1000000.0
GOLD,PSAB.JK,2005-09-15,5.0,2005-09-15,2005-09-29,8.857142448425293,8.857142448425293,1000000,112903.23,0.0,0.0,1000000.0
GOLD,PSAB.JK,2005-11-17,5.67,2005-11-17,2005-12-01,8.857142448425293,8.857142448425293,1000000,112903.23,0.0,0.0,1000000.0
GOLD,PSAB.JK,2006-01-03,5.42,2006-01-03,2006-01-17,8.857142448425293,8.857142448425293,1000000,112903.23,0.0,0.0,1000000.0
GOLD,PSAB.JK,2006-03-02,5.28,2006-03-02,2006-03-16,8.857142448425293,8.857142448425293,1000000,112903.23,0.0,0.0,1000000.0
GOLD,PSAB.JK,2006-03-30,5.83,2006-03-30,2006-04-13,8.857142448425293,8.857142448425293,1000000,112903.23,0.0,0.0,1000000.0
GOLD,PSAB.JK,2006-06-30,6.14,2006-06-30,2006-07-14,8.857142448425293,8.857142448425293,1000000,112903.23,0.0,0.0,1000000.0
GOLD,PSAB.JK,2006-08-07,5.73,2006-08-07,2006-08-21,8.857142448425293,8.857142448425293,1000000,112903.23,0.0,0.0,1000000.0
GOLD,PSAB.JK,2006-11-03,5.72,2006-11-03,2006-11-17,8.857142448425293,8.857142448425293,1000000,112903.23,0.0,0.0,1000000.0
GOLD,PSAB.JK,2007-01-23,6.21,2007-01-23,2007-02-06,8.857142448425293,8.857142448425293,1000000,112903.23,0.0,0.0,1000000.0
GOLD,PSAB.JK,2007-09-06,5.54,2007-09-06,2007-09-20,8.857142448425293,8.857142448425293,1000000,112903.23,0.0,0.0,1000000.0
GOLD,PSAB.JK,2007-11-02,5.46,2007-11-02,2007-11-16,8.857142448425293,8.857142448425293,1000000,112903.23,0.0,0.0,1000000.0
GOLD,PSAB.JK,2007-12-28,5.08,2007-12-28,2008-01-16,9.428570747375488,9.428570747375488,1000000,106060.61,0.0,0.0,1000000.0
GOLD,PSAB.JK,2008-02-20,5.5,2008-02-20,2008-03-05,9.428570747375488,9.428570747375488,1000000,106060.61,0.0,0.0,1000000.0
GOLD,PSAB.JK,2008-04-15,5.19,2008-04-15,2008-04-29,9.428570747375488,9.428570747375488,1000000,106060.61,0.0,0.0,1000000.0
GOLD,PSAB.JK,2008-05-16,5.01,2008-05-16,2008-06-03,9.428570747375488,9.428570747375488,1000000,106060.61,0.0,0.0,1000000.0
GOLD,PSAB.JK,2008-06-26,5.05,2008-06-26,2008-07-10,9.428570747375488,9.428570747375488,1000000,106060.61,0.0,0.0,1000000.0
GOLD,PSAB.JK,2008-08-29,5.51,2008-08-29,2008-09-12,6.571427822113037,5.285714149475098,1000000,152173.93,-19.57,-195652.0,804348.0
GOLD,PSAB.JK,2008-11-21,7.98,2008-11-21,2008-12-05,5.285714149475098,5.285714149475098,1000000,189189.19,-0.0,-0.0,1000000.0
GOLD,PSAB.JK,2009-01-26,6.34,2009-01-27,2009-02-10,5.285714149475098,5.285714149475098,1000000,189189.19,-0.0,-0.0,1000000.0
GOLD,PSAB.JK,2009-05-29,5.47,2009-05-29,2009-06-12,5.285714149475098,5.285714149475098,1000000,189189.19,-0.0,-0.0,1000000.0
GOLD,PSAB.JK,2009-09-03,5.9,2009-09-03,2009-09-17,5.285714149475098,5.285714149475098,1000000,189189.19,-0.0,-0.0,1000000.0
GOLD,PSAB.JK,2009-10-08,5.8,2009-10-08,2009-10-22,5.285714149475098,5.285714149475098,1000000,189189.19,-0.0,-0.0,1000000.0
GOLD,PSAB.JK,2009-11-09,5.63,2009-11-09,2009-11-23,5.285714149475098,5.285714149475098,1000000,189189.19,-0.0,-0.0,1000000.0
GOLD,PSAB.JK,2010-02-19,5.54,2010-02-19,2010-03-08,4.142857074737549,10.857142448425293,1000000,241379.31,162.07,1620690.0,2620690.0
GOLD,PSAB.JK,2010-04-08,5.84,2010-04-08,2010-04-22,12.857142448425293,12.857142448425293,1000000,77777.78,-0.0,-0.0,1000000.0
GOLD,PSAB.JK,2010-05-11,5.01,2010-05-11,2010-05-26,12.857142448425293,12.857142448425293,1000000,77777.78,-0.0,-0.0,1000000.0
GOLD,PSAB.JK,2010-06-07,5.41,2010-06-07,2010-06-21,12.857142448425293,12.857142448425293,1000000,77777.78,-0.0,-0.0,1000000.0
GOLD,PSAB.JK,2010-10-05,5.23,2010-10-05,2010-10-19,12.857142448425293,12.857142448425293,1000000,77777.78,-0.0,-0.0,1000000.0
GOLD,PSAB.JK,2010-11-05,5.5,2010-11-05,2010-11-22,12.857142448425293,12.857142448425293,1000000,77777.78,-0.0,-0.0,1000000.0
GOLD,PSAB.JK,2011-04-28,5.22,2011-04-28,2011-05-12,12.857142448425293,12.857142448425293,1000000,77777.78,-0.0,-0.0,1000000.0
GOLD,PSAB.JK,2011-07-13,5.7,2011-07-13,2011-07-27,12.857142448425293,12.857142448425293,1000000,77777.78,-0.0,-0.0,1000000.0
GOLD,PSAB.JK,2011-11-02,5.02,2011-11-02,2011-11-16,12.857142448425293,12.857142448425293,1000000,77777.78,-0.0,-0.0,1000000.0
GOLD,PSAB.JK,2012-01-12,5.4,2012-01-12,2012-01-27,12.857142448425293,12.857142448425293,1000000,77777.78,-0.0,-0.0,1000000.0
GOLD,PSAB.JK,2012-09-13,6.59,2012-09-13,2012-09-27,117.85713958740234,118.57142639160156,1000000,8484.85,0.61,6061.0,1006061.0
GOLD,PSAB.JK,2013-04-29,7.85,2013-04-29,2013-05-14,116.42857360839844,110.0,1000000,8588.96,-5.52,-55215.0,944785.0
GOLD,PSAB.JK,2013-07-12,5.48,2013-07-12,2013-07-26,86.42857360839844,75.71428680419922,1000000,11570.25,-12.4,-123967.0,876033.0
GOLD,PSAB.JK,2013-08-20,7.01,2013-08-20,2013-09-03,78.57142639160156,76.42857360839844,1000000,12727.27,-2.73,-27273.0,972727.0
GOLD,PSAB.JK,2013-10-25,6.66,2013-10-25,2013-11-11,67.85713958740234,68.57142639160156,1000000,14736.84,1.05,10526.0,1010526.0
GOLD,PSAB.JK,2014-02-14,6.36,2014-02-14,2014-02-28,99.28571319580078,85.28571319580078,1000000,10071.94,-14.1,-141007.0,858993.0
GOLD,PSAB.JK,2014-06-20,5.12,2014-06-20,2014-07-04,119.28571319580078,132.14285278320312,1000000,8383.23,10.78,107784.0,1107784.0
GOLD,PSAB.JK,2015-01-15,6.82,2015-01-15,2015-01-29,109.0,117.0,1000000,9174.31,7.34,73394.0,1073394.0
GOLD,PSAB.JK,2015-08-20,5.76,2015-08-20,2015-09-03,125.0,130.0,1000000,8000.0,4.0,40000.0,1040000.0
GOLD,PSAB.JK,2015-10-14,5.79,2015-10-15,2015-10-29,291.0,300.0,1000000,3436.43,3.09,30928.0,1030928.0
GOLD,PSAB.JK,2016-02-04,5.32,2016-02-04,2016-02-19,191.0,212.0,1000000,5235.6,10.99,109948.0,1109948.0
GOLD,PSAB.JK,2016-05-06,5.23,2016-05-09,2016-05-23,229.0,222.0,1000000,4366.81,-3.06,-30568.0,969432.0
GOLD,PSAB.JK,2016-06-13,5.82,2016-06-13,2016-06-27,299.0,370.0,1000000,3344.48,23.75,237458.0,1237458.0
GOLD,PSAB.JK,2017-01-11,5.13,2017-01-11,2017-01-25,244.0,252.0,1000000,4098.36,3.28,32787.0,1032787.0
GOLD,PSAB.JK,2019-06-06,5.03,2019-06-06,2019-06-21,181.0,238.0,1000000,5524.86,31.49,314917.0,1314917.0
GOLD,PSAB.JK,2019-08-07,5.94,2019-08-07,2019-08-21,248.0,270.0,1000000,4032.26,8.87,88710.0,1088710.0
GOLD,PSAB.JK,2020-01-03,5.2,2020-01-03,2020-01-17,290.0,286.0,1000000,3448.28,-1.38,-13793.0,986207.0
GOLD,PSAB.JK,2020-02-21,5.08,2020-02-21,2020-03-06,262.0,220.0,1000000,3816.79,-16.03,-160305.0,839695.0
GOLD,PSAB.JK,2020-03-27,7.14,2020-03-27,2020-04-13,204.0,204.0,1000000,4901.96,0.0,0.0,1000000.0
GOLD,PSAB.JK,2020-07-24,5.51,2020-07-24,2020-08-10,226.0,270.0,1000000,4424.78,19.47,194690.0,1194690.0
GOLD,PSAB.JK,2021-05-18,5.18,2021-05-18,2021-06-03,204.0,198.0,1000000,4901.96,-2.94,-29412.0,970588.0
GOLD,PSAB.JK,2021-11-17,6.02,2021-11-17,2021-12-01,152.0,150.0,1000000,6578.95,-1.32,-13158.0,986842.0
GOLD,PSAB.JK,2022-02-17,5.42,2022-02-17,2022-03-07,137.0,150.0,1000000,7299.27,9.49,94891.0,1094891.0
GOLD,PSAB.JK,2022-11-10,5.4,2022-11-10,2022-11-24,114.0,116.0,1000000,8771.93,1.75,17544.0,1017544.0
GOLD,PSAB.JK,2023-01-13,5.44,2023-01-13,2023-01-30,124.0,122.0,1000000,8064.52,-1.61,-16129.0,983871.0
GOLD,PSAB.JK,2023-03-13,5.21,2023-03-13,2023-03-29,98.0,99.0,1000000,10204.08,1.02,10204.0,1010204.0
GOLD,PSAB.JK,2023-10-17,5.38,2023-10-17,2023-10-31,85.0,88.0,1000000,11764.71,3.53,35294.0,1035294.0
GOLD,PSAB.JK,2023-12-27,5.26,2023-12-27,2024-01-11,90.0,90.0,1000000,11111.11,0.0,0.0,1000000.0
GOLD,PSAB.JK,2024-03-04,5.28,2024-03-04,2024-03-20,179.0,200.0,1000000,5586.59,11.73,117318.0,1117318.0
GOLD,PSAB.JK,2024-07-11,5.04,2024-07-11,2024-07-25,191.0,206.0,1000000,5235.6,7.85,78534.0,1078534.0
GOLD,PSAB.JK,2024-08-20,5.11,2024-08-20,2024-09-03,238.0,230.0,1000000,4201.68,-3.36,-33613.0,966387.0
GOLD,PSAB.JK,2024-09-20,5.07,2024-09-20,2024-10-04,262.0,282.0,1000000,3816.79,7.63,76336.0,1076336.0
GOLD,PSAB.JK,2025-02-10,6.46,2025-02-10,2025-02-24,250.0,290.0,1000000,4000.0,16.0,160000.0,1160000.0
GOLD,PSAB.JK,2025-03-14,5.56,2025-03-14,2025-04-08,240.0,230.0,1000000,4166.67,-4.17,-41667.0,958333.0
GOLD,PSAB.JK,2025-04-16,5.95,2025-04-16,2025-05-02,320.0,294.0,1000000,3125.0,-8.12,-81250.0,918750.0
GOLD,PSAB.JK,2025-06-02,5.93,2025-06-02,2025-06-18,390.0,500.0,1000000,2564.1,28.21,282051.0,1282051.0
GOLD,PSAB.JK,2025-09-02,6.53,2025-09-02,2025-09-17,600.0,540.0,1000000,1666.67,-10.0,-100000.0,900000.0
GOLD,PSAB.JK,2025-11-12,5.54,2025-11-12,2025-11-26,570.0,540.0,1000000,1754.39,-5.26,-52632.0,947368.0
GOLD,PSAB.JK,2025-12-22,6.15,2025-12-22,2026-01-09,575.0,600.0,1000000,1739.13,4.35,43478.0,1043478.0
GOLD,PSAB.JK,2026-04-07,5.74,2026-04-07,2026-04-21,505.0,575.0,1000000,1980.2,13.86,138614.0,1138614.0
