no,ticker,name,sector,board
1,KLBF.JK,Kalbe Farma Tbk.,Healthcare,Utama
2,MIKA.JK,Mitra Keluarga Karyasehat Tbk.,Healthcare,Utama
3,SAME.JK,Sarana Meditama Metropolitan T,Healthcare,Utama
4,SIDO.JK,Industri Jamu dan Farmasi Sido,Healthcare,Utama
5,SILO.JK,Siloam International Hospitals,Healthcare,Utama
6,TSPC.JK,Tempo Scan Pacific Tbk.,Healthcare,Utama
7,PRDA.JK,Prodia Widyahusada Tbk.,Healthcare,Utama
8,HEAL.JK,Medikaloka Hermina Tbk.,Healthcare,Utama
9,BMHS.JK,Bundamedik Tbk.,Healthcare,Utama
10,MTMH.JK,Murni Sadar Tbk.,Healthcare,UtamaFV
11,OMED.JK,Jayamas Medica Industri Tbk.,Healthcare,Utama
12,MDLA.JK,Medela Potentia Tbk.,Healthcare,Utama
13,ANTM.JK,Aneka Tambang Tbk.,Basic Material,Utama
14,BRMS.JK,Bumi Resources Minerals Tbk.,Basic Material,Utama
15,BRPT.JK,Barito Pacific Tbk.,Basic Material,Utama
16,CITA.JK,Cita Mineral Investindo Tbk.,Basic Material,Utama
17,ESSA.JK,ESSA Industries Indonesia Tbk.,Basic Material,Utama
18,INCO.JK,Vale Indonesia Tbk.,Basic Material,Utama
19,INKP.JK,Indah Kiat Pulp & Paper Tbk.,Basic Material,Utama
20,INTP.JK,Indocement Tunggal Prakarsa Tb,Basic Material,Utama
21,ISSP.JK,Steel Pipe Industry of Indones,Basic Material,Utama
22,LTLS.JK,Lautan Luas Tbk.,Basic Material,Utama
23,MDKA.JK,Merdeka Copper Gold Tbk.,Basic Material,Utama
24,SMBR.JK,Semen Baturaja (Persero) Tbk.,Basic Material,Utama
25,SMGR.JK,Semen Indonesia (Persero) Tbk.,Basic Material,Utama
26,TINS.JK,Timah Tbk.,Basic Material,Utama
27,TKIM.JK,Pabrik Kertas Tjiwi Kimia Tbk.,Basic Material,Utama
28,UNIC.JK,Unggul Indah Cahaya Tbk.,Basic Material,Utama
29,WTON.JK,Wijaya Karya Beton Tbk.,Basic Material,Utama
30,PBID.JK,Panca Budi Idaman Tbk.,Basic Material,Utama
31,SAMF.JK,Saraswanti Anugerah Makmur Tbk,Basic Material,Utama
32,AVIA.JK,Avia Avian Tbk.,Basic Material,Utama
33,AMMN.JK,Amman Mineral Internasional Tb,Basic Material,Utama
34,DAAZ.JK,Daaz Bara Lestari Tbk.,Basic Material,Utama
35,DGWG.JK,Delta Giri Wacana Tbk.,Basic Material,Utama
36,MINE.JK,Sinar Terang Mandiri Tbk.,Basic Material,Utama
37,NCKL.JK,Trimegah Bangun Persada Tbk.,Basic Material,Utama
38,MBMA.JK,Merdeka Battery Materials Tbk.,Basic Material,Utama
39,ARTO.JK,Bank Jago Tbk.,Financials,Utama
40,BACA.JK,Bank Capital Indonesia Tbk.,Financials,Utama
41,BBCA.JK,Bank Central Asia Tbk.,Financials,Utama
42,BBHI.JK,Allo Bank Indonesia Tbk.,Financials,Utama
43,BBNI.JK,Bank Negara Indonesia (Persero,Financials,Utama
44,BBRI.JK,Bank Rakyat Indonesia (Persero,Financials,Utama
45,BBTN.JK,Bank Tabungan Negara (Persero),Financials,Utama
46,BBYB.JK,Bank Neo Commerce Tbk.,Financials,Utama
47,BCAP.JK,MNC Kapital Indonesia Tbk.,Financials,Utama
48,BDMN.JK,Bank Danamon Indonesia Tbk.,Financials,Utama
49,BFIN.JK,BFI Finance Indonesia Tbk.,Financials,Utama
50,BGTG.JK,Bank Ganesha Tbk.,Financials,Utama
51,BINA.JK,Bank Ina Perdana Tbk.,Financials,Utama
52,BJBR.JK,Bank Pembangunan Daerah Jawa B,Financials,Utama
53,BJTM.JK,Bank Pembangunan Daerah Jawa T,Financials,Utama
54,BMRI.JK,Bank Mandiri (Persero) Tbk.,Financials,Utama
55,BNGA.JK,Bank CIMB Niaga Tbk.,Financials,Utama
56,BNII.JK,Bank Maybank Indonesia Tbk.,Financials,Utama
57,BNLI.JK,Bank Permata Tbk.,Financials,Utama
58,BSIM.JK,Bank Sinarmas Tbk.,Financials,Utama
59,BTPN.JK,Bank SMBC Indonesia Tbk.,Financials,Utama
60,BVIC.JK,Bank Victoria International Tb,Financials,Utama
61,CFIN.JK,Clipan Finance Indonesia Tbk.,Financials,Utama
62,DNET.JK,Indoritel Makmur Internasional,Financials,Utama
63,INPC.JK,Bank Artha Graha Internasional,Financials,Utama
64,MAYA.JK,Bank Mayapada Internasional Tb,Financials,Utama
65,MCOR.JK,Bank China Construction Bank I,Financials,Utama
66,MEGA.JK,Bank Mega Tbk.,Financials,Utama
67,MREI.JK,Maskapai Reasuransi Indonesia,Financials,Utama
68,NISP.JK,Bank OCBC NISP Tbk.,Financials,Utama
69,PANS.JK,Panin Sekuritas Tbk.,Financials,Utama
70,PNBN.JK,Bank Pan Indonesia Tbk,Financials,Utama
71,PNIN.JK,Paninvest Tbk.,Financials,Utama
72,PNLF.JK,Panin Financial Tbk.,Financials,Utama
73,SMMA.JK,Sinarmas Multiartha Tbk.,Financials,Utama
74,SRTG.JK,Saratoga Investama Sedaya Tbk.,Financials,Utama
75,TRIM.JK,Trimegah Sekuritas Indonesia T,Financials,Utama
76,VICO.JK,Victoria Investama Tbk.,Financials,Utama
77,BRIS.JK,Bank Syariah Indonesia (Perser,Financials,Utama
78,BTPS.JK,Bank BTPN Syariah Tbk.,Financials,Utama
79,TUGU.JK,Asuransi Tugu Pratama Indonesi,Financials,Utama
80,BBSI.JK,Krom Bank Indonesia Tbk.,Financials,Utama
81,AGRO.JK,Bank Raya Indonesia Tbk.,Financials,Utama
82,ASSA.JK,Adi Sarana Armada Tbk.,Transportation & Logistic,Utama
83,BIRD.JK,Blue Bird Tbk.,Transportation & Logistic,Utama
84,SMDR.JK,Samudera Indonesia Tbk.,Transportation & Logistic,Utama
85,TMAS.JK,Temas Tbk.,Transportation & Logistic,Utama
86,HATM.JK,Habco Trans Maritima Tbk.,Transportation & Logistic,Utama
87,ELPI.JK,Pelayaran Nasional Ekalya Purn,Transportation & Logistic,Utama
88,BLOG.JK,Trimitra Trans Persada Tbk.,Transportation & Logistic,Utama
89,EMTK.JK,Elang Mahkota Teknologi Tbk.,Technology,Utama
90,MTDL.JK,Metrodata Electronics Tbk.,Technology,Utama
91,MCAS.JK,M Cash Integrasi Tbk.,Technology,Utama
92,MSTI.JK,Mastersystem Infotama Tbk.,Technology,Utama
93,AALI.JK,Astra Agro Lestari Tbk.,Consumer non-cyclicals,Utama
94,AISA.JK,FKS Food Sejahtera Tbk.,Consumer non-cyclicals,Utama
95,AMRT.JK,Sumber Alfaria Trijaya Tbk.,Consumer non-cyclicals,Utama
96,BISI.JK,BISI International Tbk.,Consumer non-cyclicals,Utama
97,BUDI.JK,Budi Starch & Sweetener Tbk.,Consumer non-cyclicals,Utama
98,BWPT.JK,Eagle High Plantations Tbk.,Consumer non-cyclicals,Utama
99,CPIN.JK,Charoen Pokphand Indonesia Tbk,Consumer non-cyclicals,Utama
100,DLTA.JK,Delta Djakarta Tbk.,Consumer non-cyclicals,Utama
101,DSNG.JK,Dharma Satya Nusantara Tbk.,Consumer non-cyclicals,Utama
102,GGRM.JK,Gudang Garam Tbk.,Consumer non-cyclicals,Utama
103,HMSP.JK,H.M. Sampoerna Tbk.,Consumer non-cyclicals,Utama
104,ICBP.JK,Indofood CBP Sukses Makmur Tbk,Consumer non-cyclicals,Utama
105,INDF.JK,Indofood Sukses Makmur Tbk.,Consumer non-cyclicals,Utama
106,JPFA.JK,Japfa Comfeed Indonesia Tbk.,Consumer non-cyclicals,Utama
107,LSIP.JK,PP London Sumatra Indonesia Tb,Consumer non-cyclicals,Utama
108,MAIN.JK,Malindo Feedmill Tbk.,Consumer non-cyclicals,Utama
109,MIDI.JK,Midi Utama Indonesia Tbk.,Consumer non-cyclicals,Utama
110,MLBI.JK,Multi Bintang Indonesia Tbk.,Consumer non-cyclicals,Utama
111,MLPL.JK,Multipolar Tbk.,Consumer non-cyclicals,Utama
112,MYOR.JK,Mayora Indah Tbk.,Consumer non-cyclicals,Utama
113,SGRO.JK,Prime Agri Resources Tbk.,Consumer non-cyclicals,Utama
114,SIMP.JK,Salim Ivomas Pratama Tbk.,Consumer non-cyclicals,Utama
115,SMAR.JK,Sinar Mas Agro Resources and T,Consumer non-cyclicals,Utama
116,SSMS.JK,Sawit Sumbermas Sarana Tbk.,Consumer non-cyclicals,Utama
117,TBLA.JK,Tunas Baru Lampung Tbk.,Consumer non-cyclicals,Utama
118,ULTJ.JK,Ultrajaya Milk Industry & Trad,Consumer non-cyclicals,Utama
119,UNVR.JK,Unilever Indonesia Tbk.,Consumer non-cyclicals,Utama
120,WIIM.JK,Wismilak Inti Makmur Tbk.,Consumer non-cyclicals,Utama
121,CLEO.JK,Sariguna Primatirta Tbk.,Consumer non-cyclicals,Utama
122,GOOD.JK,Garudafood Putra Putri Jaya Tb,Consumer non-cyclicals,Utama
123,KEJU.JK,Mulia Boga Raya Tbk.,Consumer non-cyclicals,Utama
124,PSGO.JK,Palma Serasih Tbk.,Consumer non-cyclicals,Utama
125,UCID.JK,Uni-Charm Indonesia Tbk.,Consumer non-cyclicals,Utama
126,CSRA.JK,Cisadane Sawit Raya Tbk.,Consumer non-cyclicals,Utama
127,PNGO.JK,Pinago Utama Tbk.,Consumer non-cyclicals,Utama
128,VICI.JK,Victoria Care Indonesia Tbk.,Consumer non-cyclicals,Utama
129,WMUU.JK,Widodo Makmur Unggas Tbk.,Consumer non-cyclicals,Utama
130,TAPG.JK,Triputra Agro Persada Tbk.,Consumer non-cyclicals,Utama
131,CMRY.JK,Cisarua Mountain Dairy Tbk.,Consumer non-cyclicals,Utama
132,STAA.JK,Sumber Tani Agung Resources Tb,Consumer non-cyclicals,Utama
133,TRGU.JK,Cerestar Indonesia Tbk.,Consumer non-cyclicals,Utama
134,JARR.JK,Jhonlin Agro Raya Tbk.,Consumer non-cyclicals,Utama
135,MKTR.JK,Menthobi Karyatama Raya Tbk.,Consumer non-cyclicals,Utama
136,YUPI.JK,Yupi Indo Jelly Gum Tbk.,Consumer non-cyclicals,Utama
137,ARNA.JK,Arwana Citramulia Tbk.,Industrials,Utama
138,ASGR.JK,Astra Graphia Tbk.,Industrials,Utama
139,ASII.JK,Astra International Tbk.,Industrials,Utama
140,HEXA.JK,Hexindo Adiperkasa Tbk.,Industrials,Utama
141,IMPC.JK,Impack Pratama Industri Tbk.,Industrials,Utama
142,JTPE.JK,Jasuindo Tiga Perkasa Tbk.,Industrials,Utama
143,KBLI.JK,KMI Wire & Cable Tbk.,Industrials,Utama
144,UNTR.JK,United Tractors Tbk.,Industrials,Utama
145,MARK.JK,Mark Dynamics Indonesia Tbk.,Industrials,Utama
146,SPTO.JK,Surya Pertiwi Tbk.,Industrials,Utama
147,SKRN.JK,Superkrane Mitra Utama Tbk.,Industrials,Utama
148,SMIL.JK,Sarana Mitra Luas Tbk.,Industrials,Utama
149,ABMM.JK,ABM Investama Tbk.,Energy,Utama
150,AKRA.JK,AKR Corporindo Tbk.,Energy,Utama
151,BUMI.JK,Bumi Resources Tbk.,Energy,Utama
152,BYAN.JK,Bayan Resources Tbk.,Energy,Utama
153,DEWA.JK,Darma Henwa Tbk,Energy,Utama
154,DOID.JK,BUMA Internasional Grup Tbk.,Energy,Utama
155,DSSA.JK,Dian Swastatika Sentosa Tbk,Energy,Utama
156,ELSA.JK,Elnusa Tbk.,Energy,Utama
157,ENRG.JK,Energi Mega Persada Tbk.,Energy,Utama
158,GEMS.JK,Golden Energy Mines Tbk.,Energy,Utama
159,HRUM.JK,Harum Energy Tbk.,Energy,Utama
160,INDY.JK,Indika Energy Tbk.,Energy,Utama
161,ITMG.JK,Indo Tambangraya Megah Tbk.,Energy,Utama
162,KKGI.JK,Resource Alam Indonesia Tbk.,Energy,Utama
163,MBSS.JK,Mitrabahtera Segara Sejati Tbk,Energy,Utama
164,MEDC.JK,Medco Energi Internasional Tbk,Energy,Utama
165,PGAS.JK,Perusahaan Gas Negara (Persero,Energy,Utama
166,PTBA.JK,Bukit Asam (Persero) Tbk.,Energy,Utama
167,PTRO.JK,Petrosea Tbk.,Energy,Utama
168,RAJA.JK,Rukun Raharja Tbk.,Energy,Utama
169,TOBA.JK,TBS Energi Utama Tbk.,Energy,Utama
170,TPMA.JK,Trans Power Marine Tbk.,Energy,Utama
171,WINS.JK,Wintermar Offshore Marine Tbk.,Energy,Utama
172,SHIP.JK,Sillo Maritime Perdana Tbk.,Energy,Utama
173,PSSI.JK,IMC Pelita Logistik Tbk.,Energy,Utama
174,TEBE.JK,Dana Brata Luhur Tbk.,Energy,Utama
175,SGER.JK,Sumber Global Energy Tbk.,Energy,Utama
176,UNIQ.JK,Ulima Nitra Tbk.,Energy,Utama
177,MCOL.JK,Prima Andalan Mandiri Tbk.,Energy,Utama
178,GTSI.JK,GTS Internasional Tbk.,Energy,Utama
179,RMKE.JK,RMK Energy Tbk.,Energy,Utama
180,ADMR.JK,Alamtri Minerals Indonesia Tbk,Energy,Utama
181,SUNI.JK,Sunindo Pratama Tbk.,Energy,Utama
182,CUAN.JK,Petrindo Jaya Kreasi Tbk.,Energy,Utama
183,MAHA.JK,Mandiri Herindo Adiperkasa Tbk,Energy,Utama
184,ALII.JK,Ancara Logistics Indonesia Tbk,Energy,Utama
185,AADI.JK,Adaro Andalan Indonesia Tbk.,Energy,Utama
186,PSAT.JK,Pancaran Samudera Transport Tb,Energy,Utama
187,ADRO.JK,Alamtri Resources Indonesia Tb,Energy,Utama
188,ACES.JK,Aspirasi Hidup Indonesia Tbk.,Consumer Cyclicals,Utama
189,AUTO.JK,Astra Otoparts Tbk.,Consumer Cyclicals,Utama
190,BAYU.JK,Bayu Buana Tbk,Consumer Cyclicals,Utama
191,BMTR.JK,Global Mediacom Tbk.,Consumer Cyclicals,Utama
192,ERAA.JK,Erajaya Swasembada Tbk.,Consumer Cyclicals,Utama
193,GJTL.JK,Gajah Tunggal Tbk.,Consumer Cyclicals,Utama
194,GWSA.JK,Greenwood Sejahtera Tbk.,Consumer Cyclicals,Utama
195,IMAS.JK,Indomobil Sukses Internasional,Consumer Cyclicals,Utama
196,KPIG.JK,MNC Tourism Indonesia Tbk.,Consumer Cyclicals,Utama
197,LPPF.JK,MDS Retailing Tbk.,Consumer Cyclicals,Utama
198,MAPI.JK,Mitra Adiperkasa Tbk.,Consumer Cyclicals,Utama
199,MNCN.JK,Media Nusantara Citra Tbk.,Consumer Cyclicals,Utama
200,MPMX.JK,Mitra Pinasthika Mustika Tbk.,Consumer Cyclicals,Utama
201,PANR.JK,Panorama Sentrawisata Tbk.,Consumer Cyclicals,Utama
202,RALS.JK,Ramayana Lestari Sentosa Tbk.,Consumer Cyclicals,Utama
203,SCMA.JK,Surya Citra Media Tbk.,Consumer Cyclicals,Utama
204,SMSM.JK,Selamat Sempurna Tbk.,Consumer Cyclicals,Utama
205,CARS.JK,Industri dan Perdagangan Bintr,Consumer Cyclicals,Utama
206,WOOD.JK,Integra Indocabinet Tbk.,Consumer Cyclicals,Utama
207,HRTA.JK,Hartadinata Abadi Tbk.,Consumer Cyclicals,Utama
208,MSIN.JK,MNC Digital Entertainment Tbk.,Consumer Cyclicals,Utama
209,MAPA.JK,Map Aktif Adiperkasa Tbk.,Consumer Cyclicals,Utama
210,FILM.JK,MD Entertainment Tbk.,Consumer Cyclicals,Utama
211,BOLA.JK,Bali Bintang Sejahtera Tbk.,Consumer Cyclicals,Utama
212,KOTA.JK,DMS Propertindo Tbk.,Consumer Cyclicals,Utama
213,DRMA.JK,Dharma Polimetal Tbk.,Consumer Cyclicals,Utama
214,ERAL.JK,Sinar Eka Selaras Tbk.,Consumer Cyclicals,Utama
215,GOLF.JK,Intra Golflink Resorts Tbk.,Consumer Cyclicals,Utama
216,MDIY.JK,Daya Intiguna Yasa Tbk.,Consumer Cyclicals,Utama
217,RAAM.JK,Tripar Multivision Plus Tbk.,Consumer Cyclicals,Utama
218,ADHI.JK,Adhi Karya (Persero) Tbk.,Infrastructures,Utama
219,BALI.JK,Bali Towerindo Sentra Tbk.,Infrastructures,Utama
220,BUKK.JK,Bukaka Teknik Utama Tbk.,Infrastructures,Utama
221,CASS.JK,Cahaya Aero Services Tbk.,Infrastructures,Utama
222,CMNP.JK,Citra Marga Nusaphala Persada,Infrastructures,Utama
223,EXCL.JK,XLSMART Telecom Sejahtera Tbk.,Infrastructures,Utama
224,ISAT.JK,Indosat Tbk.,Infrastructures,Utama
225,JKON.JK,Jaya Konstruksi Manggala Prata,Infrastructures,Utama
226,JSMR.JK,Jasa Marga (Persero) Tbk.,Infrastructures,Utama
227,PTPP.JK,PP (Persero) Tbk.,Infrastructures,Utama
228,SSIA.JK,Surya Semesta Internusa Tbk.,Infrastructures,Utama
229,TBIG.JK,Tower Bersama Infrastructure T,Infrastructures,Utama
230,TLKM.JK,Telkom Indonesia (Persero) Tbk,Infrastructures,Utama
231,TOTL.JK,Total Bangun Persada Tbk.,Infrastructures,Utama
232,TOWR.JK,Sarana Menara Nusantara Tbk.,Infrastructures,Utama
233,POWR.JK,Cikarang Listrindo Tbk.,Infrastructures,Utama
234,MORA.JK,Ekamas Mora Republik Tbk.,Infrastructures,Utama
235,IPCM.JK,Jasa Armada Indonesia Tbk.,Infrastructures,Utama
236,IPCC.JK,Indonesia Kendaraan Terminal T,Infrastructures,Utama
237,KEEN.JK,Kencana Energi Lestari Tbk.,Infrastructures,Utama
238,MTEL.JK,Dayamitra Telekomunikasi Tbk.,Infrastructures,Utama
239,PGEO.JK,Pertamina Geothermal Energy Tb,Infrastructures,Utama
240,BDKR.JK,Berdikari Pondasi Perkasa Tbk.,Infrastructures,Utama
241,BREN.JK,Barito Renewables Energy Tbk.,Infrastructures,Utama
242,APLN.JK,Agung Podomoro Land Tbk.,Properties & Real Estate,Utama
243,ASRI.JK,Alam Sutera Realty Tbk.,Properties & Real Estate,Utama
244,BEST.JK,Bekasi Fajar Industrial Estate,Properties & Real Estate,Utama
245,BKSL.JK,Sentul City Tbk.,Properties & Real Estate,Utama
246,BSDE.JK,Bumi Serpong Damai Tbk.,Properties & Real Estate,Utama
247,CTRA.JK,Ciputra Development Tbk.,Properties & Real Estate,Utama
248,DILD.JK,Intiland Development Tbk.,Properties & Real Estate,Utama
249,DMAS.JK,Puradelta Lestari Tbk.,Properties & Real Estate,Utama
250,JRPT.JK,Jaya Real Property Tbk.,Properties & Real Estate,Utama
251,KIJA.JK,Kawasan Industri Jababeka Tbk.,Properties & Real Estate,Utama
252,LPKR.JK,Lippo Karawaci Tbk.,Properties & Real Estate,Utama
253,MMLP.JK,Mega Manunggal Property Tbk.,Properties & Real Estate,Utama
254,MTLA.JK,Metropolitan Land Tbk.,Properties & Real Estate,Utama
255,PWON.JK,Pakuwon Jati Tbk.,Properties & Real Estate,Utama
256,SMRA.JK,Summarecon Agung Tbk.,Properties & Real Estate,Utama
257,PANI.JK,Pantai Indah Kapuk Dua Tbk.,Properties & Real Estate,Utama
258,CBDK.JK,Bangun Kosambi Sukses Tbk.,Properties & Real Estate,Utama
